ISO-10303-21;
HEADER;
FILE_DESCRIPTION(('Quad-Dock Full Assembly'),'2;1');
FILE_NAME('quad-dock-full.step','2026-07-21',('Quad-Dock Team'),('Quad-Dock'),'generate_3d_model.py','','');
FILE_SCHEMA(('AP214_AUTO_START'));
ENDSEC;
DATA;
#1=APPLICATION_CONTEXT('core data for automotive mechanical design processes');
#2=DESIGN_CONTEXT('',#1,'design');
#3=PRODUCT('Quad-Dock Full Assembly','Quad-Dock Full Assembly','',(#2));
#4=PRODUCT_DEFINITION_FORMATION('','',#3);
#5=PRODUCT_DEFINITION('design','',#4,#2);
#6=PRODUCT_DEFINITION_SHAPE('','',#5);
#7=(LENGTH_UNIT()NAMED_UNIT(*)SI_UNIT(.MILLI.,.METRE.));
#8=(NAMED_UNIT(*)PLANE_ANGLE_UNIT()SI_UNIT($,.RADIAN.));
#9=(NAMED_UNIT(*)SI_UNIT($,.STERADIAN.)SOLID_ANGLE_UNIT());
#10=UNCERTAINTY_MEASURE_WITH_UNIT(LENGTH_MEASURE(1.E-07),#7,'distance_accuracy_value','');
#11=(GEOMETRIC_REPRESENTATION_CONTEXT(3)GLOBAL_UNCERTAINTY_ASSIGNED_CONTEXT((#10))GLOBAL_UNIT_ASSIGNED_CONTEXT((#7,#8,#9))REPRESENTATION_CONTEXT('3D',''));
#12=CARTESIAN_POINT('',(0.000000,0.000000,0.000000));
#13=CARTESIAN_POINT('',(140.000000,0.000000,300.000000));
#14=CARTESIAN_POINT('',(0.000000,0.000000,300.000000));
#15=POLY_LOOP('',(#12,#13,#14));
#16=FACE_OUTER_BOUND('',#15,.T.);
#17=CARTESIAN_POINT('',(46.666667,0.000000,200.000000));
#18=DIRECTION('',(0.000000,-1.000000,0.000000));
#19=DIRECTION('',(-0.000000,0.000000,1.000000));
#20=AXIS2_PLACEMENT_3D('',#17,#18,#19);
#21=PLANE('',#20);
#22=FACE_SURFACE('',(#16),#21,.T.);
#23=CARTESIAN_POINT('',(0.000000,0.000000,0.000000));
#24=CARTESIAN_POINT('',(110.000000,0.000000,0.000000));
#25=CARTESIAN_POINT('',(140.000000,0.000000,300.000000));
#26=POLY_LOOP('',(#23,#24,#25));
#27=FACE_OUTER_BOUND('',#26,.T.);
#28=CARTESIAN_POINT('',(83.333333,0.000000,100.000000));
#29=DIRECTION('',(0.000000,-1.000000,0.000000));
#30=DIRECTION('',(-0.000000,0.000000,1.000000));
#31=AXIS2_PLACEMENT_3D('',#28,#29,#30);
#32=PLANE('',#31);
#33=FACE_SURFACE('',(#27),#32,.T.);
#34=CARTESIAN_POINT('',(0.000000,22.000000,300.000000));
#35=CARTESIAN_POINT('',(140.000000,22.000000,300.000000));
#36=CARTESIAN_POINT('',(0.000000,12.000000,0.000000));
#37=POLY_LOOP('',(#34,#35,#36));
#38=FACE_OUTER_BOUND('',#37,.T.);
#39=CARTESIAN_POINT('',(46.666667,18.666667,200.000000));
#40=DIRECTION('',(0.000000,0.999445,-0.033315));
#41=DIRECTION('',(0.000000,-0.033315,-0.999445));
#42=AXIS2_PLACEMENT_3D('',#39,#40,#41);
#43=PLANE('',#42);
#44=FACE_SURFACE('',(#38),#43,.T.);
#45=CARTESIAN_POINT('',(140.000000,22.000000,300.000000));
#46=CARTESIAN_POINT('',(110.000000,12.000000,0.000000));
#47=CARTESIAN_POINT('',(0.000000,12.000000,0.000000));
#48=POLY_LOOP('',(#45,#46,#47));
#49=FACE_OUTER_BOUND('',#48,.T.);
#50=CARTESIAN_POINT('',(83.333333,15.333333,100.000000));
#51=DIRECTION('',(0.000000,0.999445,-0.033315));
#52=DIRECTION('',(0.000000,-0.033315,-0.999445));
#53=AXIS2_PLACEMENT_3D('',#50,#51,#52);
#54=PLANE('',#53);
#55=FACE_SURFACE('',(#49),#54,.T.);
#56=CARTESIAN_POINT('',(0.000000,0.000000,0.000000));
#57=CARTESIAN_POINT('',(110.000000,12.000000,0.000000));
#58=CARTESIAN_POINT('',(110.000000,0.000000,0.000000));
#59=POLY_LOOP('',(#56,#57,#58));
#60=FACE_OUTER_BOUND('',#59,.T.);
#61=CARTESIAN_POINT('',(73.333333,4.000000,0.000000));
#62=DIRECTION('',(0.000000,0.000000,-1.000000));
#63=DIRECTION('',(0.000000,-1.000000,0.000000));
#64=AXIS2_PLACEMENT_3D('',#61,#62,#63);
#65=PLANE('',#64);
#66=FACE_SURFACE('',(#60),#65,.T.);
#67=CARTESIAN_POINT('',(0.000000,0.000000,0.000000));
#68=CARTESIAN_POINT('',(0.000000,12.000000,0.000000));
#69=CARTESIAN_POINT('',(110.000000,12.000000,0.000000));
#70=POLY_LOOP('',(#67,#68,#69));
#71=FACE_OUTER_BOUND('',#70,.T.);
#72=CARTESIAN_POINT('',(36.666667,8.000000,0.000000));
#73=DIRECTION('',(0.000000,0.000000,-1.000000));
#74=DIRECTION('',(0.000000,-1.000000,0.000000));
#75=AXIS2_PLACEMENT_3D('',#72,#73,#74);
#76=PLANE('',#75);
#77=FACE_SURFACE('',(#71),#76,.T.);
#78=CARTESIAN_POINT('',(0.000000,0.000000,300.000000));
#79=CARTESIAN_POINT('',(140.000000,0.000000,300.000000));
#80=CARTESIAN_POINT('',(140.000000,22.000000,300.000000));
#81=POLY_LOOP('',(#78,#79,#80));
#82=FACE_OUTER_BOUND('',#81,.T.);
#83=CARTESIAN_POINT('',(93.333333,7.333333,300.000000));
#84=DIRECTION('',(0.000000,0.000000,1.000000));
#85=DIRECTION('',(0.000000,1.000000,0.000000));
#86=AXIS2_PLACEMENT_3D('',#83,#84,#85);
#87=PLANE('',#86);
#88=FACE_SURFACE('',(#82),#87,.T.);
#89=CARTESIAN_POINT('',(0.000000,0.000000,300.000000));
#90=CARTESIAN_POINT('',(140.000000,22.000000,300.000000));
#91=CARTESIAN_POINT('',(0.000000,22.000000,300.000000));
#92=POLY_LOOP('',(#89,#90,#91));
#93=FACE_OUTER_BOUND('',#92,.T.);
#94=CARTESIAN_POINT('',(46.666667,14.666667,300.000000));
#95=DIRECTION('',(0.000000,-0.000000,1.000000));
#96=DIRECTION('',(-0.000000,1.000000,0.000000));
#97=AXIS2_PLACEMENT_3D('',#94,#95,#96);
#98=PLANE('',#97);
#99=FACE_SURFACE('',(#93),#98,.T.);
#100=CARTESIAN_POINT('',(0.000000,0.000000,0.000000));
#101=CARTESIAN_POINT('',(0.000000,0.000000,300.000000));
#102=CARTESIAN_POINT('',(0.000000,22.000000,300.000000));
#103=POLY_LOOP('',(#100,#101,#102));
#104=FACE_OUTER_BOUND('',#103,.T.);
#105=CARTESIAN_POINT('',(0.000000,7.333333,200.000000));
#106=DIRECTION('',(-1.000000,0.000000,0.000000));
#107=DIRECTION('',(0.000000,0.000000,-1.000000));
#108=AXIS2_PLACEMENT_3D('',#105,#106,#107);
#109=PLANE('',#108);
#110=FACE_SURFACE('',(#104),#109,.T.);
#111=CARTESIAN_POINT('',(0.000000,0.000000,0.000000));
#112=CARTESIAN_POINT('',(0.000000,22.000000,300.000000));
#113=CARTESIAN_POINT('',(0.000000,12.000000,0.000000));
#114=POLY_LOOP('',(#111,#112,#113));
#115=FACE_OUTER_BOUND('',#114,.T.);
#116=CARTESIAN_POINT('',(0.000000,11.333333,100.000000));
#117=DIRECTION('',(-1.000000,0.000000,-0.000000));
#118=DIRECTION('',(0.000000,0.000000,-1.000000));
#119=AXIS2_PLACEMENT_3D('',#116,#117,#118);
#120=PLANE('',#119);
#121=FACE_SURFACE('',(#115),#120,.T.);
#122=CARTESIAN_POINT('',(110.000000,0.000000,0.000000));
#123=CARTESIAN_POINT('',(140.000000,22.000000,300.000000));
#124=CARTESIAN_POINT('',(140.000000,0.000000,300.000000));
#125=POLY_LOOP('',(#122,#123,#124));
#126=FACE_OUTER_BOUND('',#125,.T.);
#127=CARTESIAN_POINT('',(130.000000,7.333333,200.000000));
#128=DIRECTION('',(0.995037,0.000000,-0.099504));
#129=DIRECTION('',(0.099504,-0.000000,0.995037));
#130=AXIS2_PLACEMENT_3D('',#127,#128,#129);
#131=PLANE('',#130);
#132=FACE_SURFACE('',(#126),#131,.T.);
#133=CARTESIAN_POINT('',(110.000000,0.000000,0.000000));
#134=CARTESIAN_POINT('',(110.000000,12.000000,0.000000));
#135=CARTESIAN_POINT('',(140.000000,22.000000,300.000000));
#136=POLY_LOOP('',(#133,#134,#135));
#137=FACE_OUTER_BOUND('',#136,.T.);
#138=CARTESIAN_POINT('',(120.000000,11.333333,100.000000));
#139=DIRECTION('',(0.995037,0.000000,-0.099504));
#140=DIRECTION('',(0.099504,-0.000000,0.995037));
#141=AXIS2_PLACEMENT_3D('',#138,#139,#140);
#142=PLANE('',#141);
#143=FACE_SURFACE('',(#137),#142,.T.);
#144=CARTESIAN_POINT('',(0.000000,12.000000,0.000000));
#145=CARTESIAN_POINT('',(140.000000,12.000000,300.000000));
#146=CARTESIAN_POINT('',(0.000000,12.000000,300.000000));
#147=POLY_LOOP('',(#144,#145,#146));
#148=FACE_OUTER_BOUND('',#147,.T.);
#149=CARTESIAN_POINT('',(46.666667,12.000000,200.000000));
#150=DIRECTION('',(0.000000,-1.000000,0.000000));
#151=DIRECTION('',(-0.000000,0.000000,1.000000));
#152=AXIS2_PLACEMENT_3D('',#149,#150,#151);
#153=PLANE('',#152);
#154=FACE_SURFACE('',(#148),#153,.T.);
#155=CARTESIAN_POINT('',(0.000000,12.000000,0.000000));
#156=CARTESIAN_POINT('',(110.000000,12.000000,0.000000));
#157=CARTESIAN_POINT('',(140.000000,12.000000,300.000000));
#158=POLY_LOOP('',(#155,#156,#157));
#159=FACE_OUTER_BOUND('',#158,.T.);
#160=CARTESIAN_POINT('',(83.333333,12.000000,100.000000));
#161=DIRECTION('',(0.000000,-1.000000,0.000000));
#162=DIRECTION('',(-0.000000,0.000000,1.000000));
#163=AXIS2_PLACEMENT_3D('',#160,#161,#162);
#164=PLANE('',#163);
#165=FACE_SURFACE('',(#159),#164,.T.);
#166=CARTESIAN_POINT('',(0.000000,14.000000,300.000000));
#167=CARTESIAN_POINT('',(140.000000,14.000000,300.000000));
#168=CARTESIAN_POINT('',(0.000000,14.000000,0.000000));
#169=POLY_LOOP('',(#166,#167,#168));
#170=FACE_OUTER_BOUND('',#169,.T.);
#171=CARTESIAN_POINT('',(46.666667,14.000000,200.000000));
#172=DIRECTION('',(-0.000000,1.000000,0.000000));
#173=DIRECTION('',(0.000000,0.000000,-1.000000));
#174=AXIS2_PLACEMENT_3D('',#171,#172,#173);
#175=PLANE('',#174);
#176=FACE_SURFACE('',(#170),#175,.T.);
#177=CARTESIAN_POINT('',(140.000000,14.000000,300.000000));
#178=CARTESIAN_POINT('',(110.000000,14.000000,0.000000));
#179=CARTESIAN_POINT('',(0.000000,14.000000,0.000000));
#180=POLY_LOOP('',(#177,#178,#179));
#181=FACE_OUTER_BOUND('',#180,.T.);
#182=CARTESIAN_POINT('',(83.333333,14.000000,100.000000));
#183=DIRECTION('',(0.000000,1.000000,0.000000));
#184=DIRECTION('',(0.000000,0.000000,-1.000000));
#185=AXIS2_PLACEMENT_3D('',#182,#183,#184);
#186=PLANE('',#185);
#187=FACE_SURFACE('',(#181),#186,.T.);
#188=CARTESIAN_POINT('',(0.000000,12.000000,0.000000));
#189=CARTESIAN_POINT('',(110.000000,14.000000,0.000000));
#190=CARTESIAN_POINT('',(110.000000,12.000000,0.000000));
#191=POLY_LOOP('',(#188,#189,#190));
#192=FACE_OUTER_BOUND('',#191,.T.);
#193=CARTESIAN_POINT('',(73.333333,12.666667,0.000000));
#194=DIRECTION('',(0.000000,0.000000,-1.000000));
#195=DIRECTION('',(0.000000,-1.000000,0.000000));
#196=AXIS2_PLACEMENT_3D('',#193,#194,#195);
#197=PLANE('',#196);
#198=FACE_SURFACE('',(#192),#197,.T.);
#199=CARTESIAN_POINT('',(0.000000,12.000000,0.000000));
#200=CARTESIAN_POINT('',(0.000000,14.000000,0.000000));
#201=CARTESIAN_POINT('',(110.000000,14.000000,0.000000));
#202=POLY_LOOP('',(#199,#200,#201));
#203=FACE_OUTER_BOUND('',#202,.T.);
#204=CARTESIAN_POINT('',(36.666667,13.333333,0.000000));
#205=DIRECTION('',(0.000000,0.000000,-1.000000));
#206=DIRECTION('',(0.000000,-1.000000,0.000000));
#207=AXIS2_PLACEMENT_3D('',#204,#205,#206);
#208=PLANE('',#207);
#209=FACE_SURFACE('',(#203),#208,.T.);
#210=CARTESIAN_POINT('',(0.000000,12.000000,300.000000));
#211=CARTESIAN_POINT('',(140.000000,12.000000,300.000000));
#212=CARTESIAN_POINT('',(140.000000,14.000000,300.000000));
#213=POLY_LOOP('',(#210,#211,#212));
#214=FACE_OUTER_BOUND('',#213,.T.);
#215=CARTESIAN_POINT('',(93.333333,12.666667,300.000000));
#216=DIRECTION('',(0.000000,0.000000,1.000000));
#217=DIRECTION('',(0.000000,1.000000,0.000000));
#218=AXIS2_PLACEMENT_3D('',#215,#216,#217);
#219=PLANE('',#218);
#220=FACE_SURFACE('',(#214),#219,.T.);
#221=CARTESIAN_POINT('',(0.000000,12.000000,300.000000));
#222=CARTESIAN_POINT('',(140.000000,14.000000,300.000000));
#223=CARTESIAN_POINT('',(0.000000,14.000000,300.000000));
#224=POLY_LOOP('',(#221,#222,#223));
#225=FACE_OUTER_BOUND('',#224,.T.);
#226=CARTESIAN_POINT('',(46.666667,13.333333,300.000000));
#227=DIRECTION('',(0.000000,-0.000000,1.000000));
#228=DIRECTION('',(-0.000000,1.000000,0.000000));
#229=AXIS2_PLACEMENT_3D('',#226,#227,#228);
#230=PLANE('',#229);
#231=FACE_SURFACE('',(#225),#230,.T.);
#232=CARTESIAN_POINT('',(0.000000,12.000000,0.000000));
#233=CARTESIAN_POINT('',(0.000000,12.000000,300.000000));
#234=CARTESIAN_POINT('',(0.000000,14.000000,300.000000));
#235=POLY_LOOP('',(#232,#233,#234));
#236=FACE_OUTER_BOUND('',#235,.T.);
#237=CARTESIAN_POINT('',(0.000000,12.666667,200.000000));
#238=DIRECTION('',(-1.000000,0.000000,0.000000));
#239=DIRECTION('',(0.000000,0.000000,-1.000000));
#240=AXIS2_PLACEMENT_3D('',#237,#238,#239);
#241=PLANE('',#240);
#242=FACE_SURFACE('',(#236),#241,.T.);
#243=CARTESIAN_POINT('',(0.000000,12.000000,0.000000));
#244=CARTESIAN_POINT('',(0.000000,14.000000,300.000000));
#245=CARTESIAN_POINT('',(0.000000,14.000000,0.000000));
#246=POLY_LOOP('',(#243,#244,#245));
#247=FACE_OUTER_BOUND('',#246,.T.);
#248=CARTESIAN_POINT('',(0.000000,13.333333,100.000000));
#249=DIRECTION('',(-1.000000,0.000000,0.000000));
#250=DIRECTION('',(0.000000,0.000000,-1.000000));
#251=AXIS2_PLACEMENT_3D('',#248,#249,#250);
#252=PLANE('',#251);
#253=FACE_SURFACE('',(#247),#252,.T.);
#254=CARTESIAN_POINT('',(110.000000,12.000000,0.000000));
#255=CARTESIAN_POINT('',(140.000000,14.000000,300.000000));
#256=CARTESIAN_POINT('',(140.000000,12.000000,300.000000));
#257=POLY_LOOP('',(#254,#255,#256));
#258=FACE_OUTER_BOUND('',#257,.T.);
#259=CARTESIAN_POINT('',(130.000000,12.666667,200.000000));
#260=DIRECTION('',(0.995037,0.000000,-0.099504));
#261=DIRECTION('',(0.099504,-0.000000,0.995037));
#262=AXIS2_PLACEMENT_3D('',#259,#260,#261);
#263=PLANE('',#262);
#264=FACE_SURFACE('',(#258),#263,.T.);
#265=CARTESIAN_POINT('',(110.000000,12.000000,0.000000));
#266=CARTESIAN_POINT('',(110.000000,14.000000,0.000000));
#267=CARTESIAN_POINT('',(140.000000,14.000000,300.000000));
#268=POLY_LOOP('',(#265,#266,#267));
#269=FACE_OUTER_BOUND('',#268,.T.);
#270=CARTESIAN_POINT('',(120.000000,13.333333,100.000000));
#271=DIRECTION('',(0.995037,0.000000,-0.099504));
#272=DIRECTION('',(0.099504,-0.000000,0.995037));
#273=AXIS2_PLACEMENT_3D('',#270,#271,#272);
#274=PLANE('',#273);
#275=FACE_SURFACE('',(#269),#274,.T.);
#276=CARTESIAN_POINT('',(75.000000,14.583333,53.750000));
#277=CARTESIAN_POINT('',(35.000000,14.583333,53.750000));
#278=CARTESIAN_POINT('',(71.955181,29.890671,53.750000));
#279=POLY_LOOP('',(#276,#277,#278));
#280=FACE_OUTER_BOUND('',#279,.T.);
#281=CARTESIAN_POINT('',(60.651727,19.685779,53.750000));
#282=DIRECTION('',(0.000000,0.000000,-1.000000));
#283=DIRECTION('',(0.000000,-1.000000,0.000000));
#284=AXIS2_PLACEMENT_3D('',#281,#282,#283);
#285=PLANE('',#284);
#286=FACE_SURFACE('',(#280),#285,.T.);
#287=CARTESIAN_POINT('',(75.000000,14.583333,53.750000));
#288=CARTESIAN_POINT('',(71.955181,29.890671,53.750000));
#289=CARTESIAN_POINT('',(75.000000,14.583333,56.250000));
#290=POLY_LOOP('',(#287,#288,#289));
#291=FACE_OUTER_BOUND('',#290,.T.);
#292=CARTESIAN_POINT('',(73.985060,19.685779,54.583333));
#293=DIRECTION('',(0.980785,0.195090,0.000000));
#294=DIRECTION('',(0.000000,0.000000,1.000000));
#295=AXIS2_PLACEMENT_3D('',#292,#293,#294);
#296=PLANE('',#295);
#297=FACE_SURFACE('',(#291),#296,.T.);
#298=CARTESIAN_POINT('',(75.000000,14.583333,56.250000));
#299=CARTESIAN_POINT('',(71.955181,29.890671,53.750000));
#300=CARTESIAN_POINT('',(71.955181,29.890671,56.250000));
#301=POLY_LOOP('',(#298,#299,#300));
#302=FACE_OUTER_BOUND('',#301,.T.);
#303=CARTESIAN_POINT('',(72.970121,24.788225,55.416667));
#304=DIRECTION('',(0.980785,0.195090,-0.000000));
#305=DIRECTION('',(0.000000,-0.000000,1.000000));
#306=AXIS2_PLACEMENT_3D('',#303,#304,#305);
#307=PLANE('',#306);
#308=FACE_SURFACE('',(#302),#307,.T.);
#309=CARTESIAN_POINT('',(75.000000,14.583333,56.250000));
#310=CARTESIAN_POINT('',(71.955181,29.890671,56.250000));
#311=CARTESIAN_POINT('',(35.000000,14.583333,56.250000));
#312=POLY_LOOP('',(#309,#310,#311));
#313=FACE_OUTER_BOUND('',#312,.T.);
#314=CARTESIAN_POINT('',(60.651727,19.685779,56.250000));
#315=DIRECTION('',(0.000000,0.000000,1.000000));
#316=DIRECTION('',(0.000000,1.000000,0.000000));
#317=AXIS2_PLACEMENT_3D('',#314,#315,#316);
#318=PLANE('',#317);
#319=FACE_SURFACE('',(#313),#318,.T.);
#320=CARTESIAN_POINT('',(71.955181,29.890671,53.750000));
#321=CARTESIAN_POINT('',(35.000000,14.583333,53.750000));
#322=CARTESIAN_POINT('',(63.284271,42.867605,53.750000));
#323=POLY_LOOP('',(#320,#321,#322));
#324=FACE_OUTER_BOUND('',#323,.T.);
#325=CARTESIAN_POINT('',(56.746484,29.113870,53.750000));
#326=DIRECTION('',(-0.000000,0.000000,-1.000000));
#327=DIRECTION('',(0.000000,-1.000000,-0.000000));
#328=AXIS2_PLACEMENT_3D('',#325,#326,#327);
#329=PLANE('',#328);
#330=FACE_SURFACE('',(#324),#329,.T.);
#331=CARTESIAN_POINT('',(71.955181,29.890671,53.750000));
#332=CARTESIAN_POINT('',(63.284271,42.867605,53.750000));
#333=CARTESIAN_POINT('',(71.955181,29.890671,56.250000));
#334=POLY_LOOP('',(#331,#332,#333));
#335=FACE_OUTER_BOUND('',#334,.T.);
#336=CARTESIAN_POINT('',(69.064878,34.216315,54.583333));
#337=DIRECTION('',(0.831470,0.555570,0.000000));
#338=DIRECTION('',(0.000000,0.000000,-1.000000));
#339=AXIS2_PLACEMENT_3D('',#336,#337,#338);
#340=PLANE('',#339);
#341=FACE_SURFACE('',(#335),#340,.T.);
#342=CARTESIAN_POINT('',(71.955181,29.890671,56.250000));
#343=CARTESIAN_POINT('',(63.284271,42.867605,53.750000));
#344=CARTESIAN_POINT('',(63.284271,42.867605,56.250000));
#345=POLY_LOOP('',(#342,#343,#344));
#346=FACE_OUTER_BOUND('',#345,.T.);
#347=CARTESIAN_POINT('',(66.174575,38.541960,55.416667));
#348=DIRECTION('',(0.831470,0.555570,-0.000000));
#349=DIRECTION('',(0.000000,-0.000000,-1.000000));
#350=AXIS2_PLACEMENT_3D('',#347,#348,#349);
#351=PLANE('',#350);
#352=FACE_SURFACE('',(#346),#351,.T.);
#353=CARTESIAN_POINT('',(71.955181,29.890671,56.250000));
#354=CARTESIAN_POINT('',(63.284271,42.867605,56.250000));
#355=CARTESIAN_POINT('',(35.000000,14.583333,56.250000));
#356=POLY_LOOP('',(#353,#354,#355));
#357=FACE_OUTER_BOUND('',#356,.T.);
#358=CARTESIAN_POINT('',(56.746484,29.113870,56.250000));
#359=DIRECTION('',(0.000000,0.000000,1.000000));
#360=DIRECTION('',(0.000000,1.000000,0.000000));
#361=AXIS2_PLACEMENT_3D('',#358,#359,#360);
#362=PLANE('',#361);
#363=FACE_SURFACE('',(#357),#362,.T.);
#364=CARTESIAN_POINT('',(63.284271,42.867605,53.750000));
#365=CARTESIAN_POINT('',(35.000000,14.583333,53.750000));
#366=CARTESIAN_POINT('',(50.307337,51.538515,53.750000));
#367=POLY_LOOP('',(#364,#365,#366));
#368=FACE_OUTER_BOUND('',#367,.T.);
#369=CARTESIAN_POINT('',(49.530536,36.329818,53.750000));
#370=DIRECTION('',(-0.000000,0.000000,-1.000000));
#371=DIRECTION('',(0.000000,-1.000000,-0.000000));
#372=AXIS2_PLACEMENT_3D('',#369,#370,#371);
#373=PLANE('',#372);
#374=FACE_SURFACE('',(#368),#373,.T.);
#375=CARTESIAN_POINT('',(63.284271,42.867605,53.750000));
#376=CARTESIAN_POINT('',(50.307337,51.538515,53.750000));
#377=CARTESIAN_POINT('',(63.284271,42.867605,56.250000));
#378=POLY_LOOP('',(#375,#376,#377));
#379=FACE_OUTER_BOUND('',#378,.T.);
#380=CARTESIAN_POINT('',(58.958627,45.757908,54.583333));
#381=DIRECTION('',(0.555570,0.831470,0.000000));
#382=DIRECTION('',(0.000000,0.000000,-1.000000));
#383=AXIS2_PLACEMENT_3D('',#380,#381,#382);
#384=PLANE('',#383);
#385=FACE_SURFACE('',(#379),#384,.T.);
#386=CARTESIAN_POINT('',(63.284271,42.867605,56.250000));
#387=CARTESIAN_POINT('',(50.307337,51.538515,53.750000));
#388=CARTESIAN_POINT('',(50.307337,51.538515,56.250000));
#389=POLY_LOOP('',(#386,#387,#388));
#390=FACE_OUTER_BOUND('',#389,.T.);
#391=CARTESIAN_POINT('',(54.632982,48.648211,55.416667));
#392=DIRECTION('',(0.555570,0.831470,-0.000000));
#393=DIRECTION('',(0.000000,-0.000000,-1.000000));
#394=AXIS2_PLACEMENT_3D('',#391,#392,#393);
#395=PLANE('',#394);
#396=FACE_SURFACE('',(#390),#395,.T.);
#397=CARTESIAN_POINT('',(63.284271,42.867605,56.250000));
#398=CARTESIAN_POINT('',(50.307337,51.538515,56.250000));
#399=CARTESIAN_POINT('',(35.000000,14.583333,56.250000));
#400=POLY_LOOP('',(#397,#398,#399));
#401=FACE_OUTER_BOUND('',#400,.T.);
#402=CARTESIAN_POINT('',(49.530536,36.329818,56.250000));
#403=DIRECTION('',(0.000000,0.000000,1.000000));
#404=DIRECTION('',(0.000000,1.000000,0.000000));
#405=AXIS2_PLACEMENT_3D('',#402,#403,#404);
#406=PLANE('',#405);
#407=FACE_SURFACE('',(#401),#406,.T.);
#408=CARTESIAN_POINT('',(50.307337,51.538515,53.750000));
#409=CARTESIAN_POINT('',(35.000000,14.583333,53.750000));
#410=CARTESIAN_POINT('',(35.000000,54.583333,53.750000));
#411=POLY_LOOP('',(#408,#409,#410));
#412=FACE_OUTER_BOUND('',#411,.T.);
#413=CARTESIAN_POINT('',(40.102446,40.235060,53.750000));
#414=DIRECTION('',(-0.000000,0.000000,-1.000000));
#415=DIRECTION('',(0.000000,-1.000000,-0.000000));
#416=AXIS2_PLACEMENT_3D('',#413,#414,#415);
#417=PLANE('',#416);
#418=FACE_SURFACE('',(#412),#417,.T.);
#419=CARTESIAN_POINT('',(50.307337,51.538515,53.750000));
#420=CARTESIAN_POINT('',(35.000000,54.583333,53.750000));
#421=CARTESIAN_POINT('',(50.307337,51.538515,56.250000));
#422=POLY_LOOP('',(#419,#420,#421));
#423=FACE_OUTER_BOUND('',#422,.T.);
#424=CARTESIAN_POINT('',(45.204892,52.553454,54.583333));
#425=DIRECTION('',(0.195090,0.980785,0.000000));
#426=DIRECTION('',(0.000000,0.000000,-1.000000));
#427=AXIS2_PLACEMENT_3D('',#424,#425,#426);
#428=PLANE('',#427);
#429=FACE_SURFACE('',(#423),#428,.T.);
#430=CARTESIAN_POINT('',(50.307337,51.538515,56.250000));
#431=CARTESIAN_POINT('',(35.000000,54.583333,53.750000));
#432=CARTESIAN_POINT('',(35.000000,54.583333,56.250000));
#433=POLY_LOOP('',(#430,#431,#432));
#434=FACE_OUTER_BOUND('',#433,.T.);
#435=CARTESIAN_POINT('',(40.102446,53.568394,55.416667));
#436=DIRECTION('',(0.195090,0.980785,-0.000000));
#437=DIRECTION('',(0.000000,-0.000000,-1.000000));
#438=AXIS2_PLACEMENT_3D('',#435,#436,#437);
#439=PLANE('',#438);
#440=FACE_SURFACE('',(#434),#439,.T.);
#441=CARTESIAN_POINT('',(50.307337,51.538515,56.250000));
#442=CARTESIAN_POINT('',(35.000000,54.583333,56.250000));
#443=CARTESIAN_POINT('',(35.000000,14.583333,56.250000));
#444=POLY_LOOP('',(#441,#442,#443));
#445=FACE_OUTER_BOUND('',#444,.T.);
#446=CARTESIAN_POINT('',(40.102446,40.235060,56.250000));
#447=DIRECTION('',(0.000000,0.000000,1.000000));
#448=DIRECTION('',(0.000000,1.000000,0.000000));
#449=AXIS2_PLACEMENT_3D('',#446,#447,#448);
#450=PLANE('',#449);
#451=FACE_SURFACE('',(#445),#450,.T.);
#452=CARTESIAN_POINT('',(35.000000,54.583333,53.750000));
#453=CARTESIAN_POINT('',(35.000000,14.583333,53.750000));
#454=CARTESIAN_POINT('',(19.692663,51.538515,53.750000));
#455=POLY_LOOP('',(#452,#453,#454));
#456=FACE_OUTER_BOUND('',#455,.T.);
#457=CARTESIAN_POINT('',(29.897554,40.235060,53.750000));
#458=DIRECTION('',(-0.000000,-0.000000,-1.000000));
#459=DIRECTION('',(0.000000,-1.000000,0.000000));
#460=AXIS2_PLACEMENT_3D('',#457,#458,#459);
#461=PLANE('',#460);
#462=FACE_SURFACE('',(#456),#461,.T.);
#463=CARTESIAN_POINT('',(35.000000,54.583333,53.750000));
#464=CARTESIAN_POINT('',(19.692663,51.538515,53.750000));
#465=CARTESIAN_POINT('',(35.000000,54.583333,56.250000));
#466=POLY_LOOP('',(#463,#464,#465));
#467=FACE_OUTER_BOUND('',#466,.T.);
#468=CARTESIAN_POINT('',(29.897554,53.568394,54.583333));
#469=DIRECTION('',(-0.195090,0.980785,0.000000));
#470=DIRECTION('',(0.000000,0.000000,-1.000000));
#471=AXIS2_PLACEMENT_3D('',#468,#469,#470);
#472=PLANE('',#471);
#473=FACE_SURFACE('',(#467),#472,.T.);
#474=CARTESIAN_POINT('',(35.000000,54.583333,56.250000));
#475=CARTESIAN_POINT('',(19.692663,51.538515,53.750000));
#476=CARTESIAN_POINT('',(19.692663,51.538515,56.250000));
#477=POLY_LOOP('',(#474,#475,#476));
#478=FACE_OUTER_BOUND('',#477,.T.);
#479=CARTESIAN_POINT('',(24.795108,52.553454,55.416667));
#480=DIRECTION('',(-0.195090,0.980785,0.000000));
#481=DIRECTION('',(0.000000,0.000000,-1.000000));
#482=AXIS2_PLACEMENT_3D('',#479,#480,#481);
#483=PLANE('',#482);
#484=FACE_SURFACE('',(#478),#483,.T.);
#485=CARTESIAN_POINT('',(35.000000,54.583333,56.250000));
#486=CARTESIAN_POINT('',(19.692663,51.538515,56.250000));
#487=CARTESIAN_POINT('',(35.000000,14.583333,56.250000));
#488=POLY_LOOP('',(#485,#486,#487));
#489=FACE_OUTER_BOUND('',#488,.T.);
#490=CARTESIAN_POINT('',(29.897554,40.235060,56.250000));
#491=DIRECTION('',(0.000000,0.000000,1.000000));
#492=DIRECTION('',(0.000000,1.000000,0.000000));
#493=AXIS2_PLACEMENT_3D('',#490,#491,#492);
#494=PLANE('',#493);
#495=FACE_SURFACE('',(#489),#494,.T.);
#496=CARTESIAN_POINT('',(19.692663,51.538515,53.750000));
#497=CARTESIAN_POINT('',(35.000000,14.583333,53.750000));
#498=CARTESIAN_POINT('',(6.715729,42.867605,53.750000));
#499=POLY_LOOP('',(#496,#497,#498));
#500=FACE_OUTER_BOUND('',#499,.T.);
#501=CARTESIAN_POINT('',(20.469464,36.329818,53.750000));
#502=DIRECTION('',(-0.000000,-0.000000,-1.000000));
#503=DIRECTION('',(0.000000,-1.000000,0.000000));
#504=AXIS2_PLACEMENT_3D('',#501,#502,#503);
#505=PLANE('',#504);
#506=FACE_SURFACE('',(#500),#505,.T.);
#507=CARTESIAN_POINT('',(19.692663,51.538515,53.750000));
#508=CARTESIAN_POINT('',(6.715729,42.867605,53.750000));
#509=CARTESIAN_POINT('',(19.692663,51.538515,56.250000));
#510=POLY_LOOP('',(#507,#508,#509));
#511=FACE_OUTER_BOUND('',#510,.T.);
#512=CARTESIAN_POINT('',(15.367018,48.648211,54.583333));
#513=DIRECTION('',(-0.555570,0.831470,0.000000));
#514=DIRECTION('',(0.000000,0.000000,-1.000000));
#515=AXIS2_PLACEMENT_3D('',#512,#513,#514);
#516=PLANE('',#515);
#517=FACE_SURFACE('',(#511),#516,.T.);
#518=CARTESIAN_POINT('',(19.692663,51.538515,56.250000));
#519=CARTESIAN_POINT('',(6.715729,42.867605,53.750000));
#520=CARTESIAN_POINT('',(6.715729,42.867605,56.250000));
#521=POLY_LOOP('',(#518,#519,#520));
#522=FACE_OUTER_BOUND('',#521,.T.);
#523=CARTESIAN_POINT('',(11.041373,45.757908,55.416667));
#524=DIRECTION('',(-0.555570,0.831470,0.000000));
#525=DIRECTION('',(0.000000,0.000000,-1.000000));
#526=AXIS2_PLACEMENT_3D('',#523,#524,#525);
#527=PLANE('',#526);
#528=FACE_SURFACE('',(#522),#527,.T.);
#529=CARTESIAN_POINT('',(19.692663,51.538515,56.250000));
#530=CARTESIAN_POINT('',(6.715729,42.867605,56.250000));
#531=CARTESIAN_POINT('',(35.000000,14.583333,56.250000));
#532=POLY_LOOP('',(#529,#530,#531));
#533=FACE_OUTER_BOUND('',#532,.T.);
#534=CARTESIAN_POINT('',(20.469464,36.329818,56.250000));
#535=DIRECTION('',(0.000000,0.000000,1.000000));
#536=DIRECTION('',(0.000000,1.000000,0.000000));
#537=AXIS2_PLACEMENT_3D('',#534,#535,#536);
#538=PLANE('',#537);
#539=FACE_SURFACE('',(#533),#538,.T.);
#540=CARTESIAN_POINT('',(6.715729,42.867605,53.750000));
#541=CARTESIAN_POINT('',(35.000000,14.583333,53.750000));
#542=CARTESIAN_POINT('',(-1.955181,29.890671,53.750000));
#543=POLY_LOOP('',(#540,#541,#542));
#544=FACE_OUTER_BOUND('',#543,.T.);
#545=CARTESIAN_POINT('',(13.253516,29.113870,53.750000));
#546=DIRECTION('',(-0.000000,-0.000000,-1.000000));
#547=DIRECTION('',(0.000000,-1.000000,0.000000));
#548=AXIS2_PLACEMENT_3D('',#545,#546,#547);
#549=PLANE('',#548);
#550=FACE_SURFACE('',(#544),#549,.T.);
#551=CARTESIAN_POINT('',(6.715729,42.867605,53.750000));
#552=CARTESIAN_POINT('',(-1.955181,29.890671,53.750000));
#553=CARTESIAN_POINT('',(6.715729,42.867605,56.250000));
#554=POLY_LOOP('',(#551,#552,#553));
#555=FACE_OUTER_BOUND('',#554,.T.);
#556=CARTESIAN_POINT('',(3.825425,38.541960,54.583333));
#557=DIRECTION('',(-0.831470,0.555570,0.000000));
#558=DIRECTION('',(0.000000,0.000000,-1.000000));
#559=AXIS2_PLACEMENT_3D('',#556,#557,#558);
#560=PLANE('',#559);
#561=FACE_SURFACE('',(#555),#560,.T.);
#562=CARTESIAN_POINT('',(6.715729,42.867605,56.250000));
#563=CARTESIAN_POINT('',(-1.955181,29.890671,53.750000));
#564=CARTESIAN_POINT('',(-1.955181,29.890671,56.250000));
#565=POLY_LOOP('',(#562,#563,#564));
#566=FACE_OUTER_BOUND('',#565,.T.);
#567=CARTESIAN_POINT('',(0.935122,34.216315,55.416667));
#568=DIRECTION('',(-0.831470,0.555570,0.000000));
#569=DIRECTION('',(0.000000,0.000000,-1.000000));
#570=AXIS2_PLACEMENT_3D('',#567,#568,#569);
#571=PLANE('',#570);
#572=FACE_SURFACE('',(#566),#571,.T.);
#573=CARTESIAN_POINT('',(6.715729,42.867605,56.250000));
#574=CARTESIAN_POINT('',(-1.955181,29.890671,56.250000));
#575=CARTESIAN_POINT('',(35.000000,14.583333,56.250000));
#576=POLY_LOOP('',(#573,#574,#575));
#577=FACE_OUTER_BOUND('',#576,.T.);
#578=CARTESIAN_POINT('',(13.253516,29.113870,56.250000));
#579=DIRECTION('',(0.000000,0.000000,1.000000));
#580=DIRECTION('',(0.000000,1.000000,0.000000));
#581=AXIS2_PLACEMENT_3D('',#578,#579,#580);
#582=PLANE('',#581);
#583=FACE_SURFACE('',(#577),#582,.T.);
#584=CARTESIAN_POINT('',(-1.955181,29.890671,53.750000));
#585=CARTESIAN_POINT('',(35.000000,14.583333,53.750000));
#586=CARTESIAN_POINT('',(-5.000000,14.583333,53.750000));
#587=POLY_LOOP('',(#584,#585,#586));
#588=FACE_OUTER_BOUND('',#587,.T.);
#589=CARTESIAN_POINT('',(9.348273,19.685779,53.750000));
#590=DIRECTION('',(-0.000000,-0.000000,-1.000000));
#591=DIRECTION('',(0.000000,-1.000000,0.000000));
#592=AXIS2_PLACEMENT_3D('',#589,#590,#591);
#593=PLANE('',#592);
#594=FACE_SURFACE('',(#588),#593,.T.);
#595=CARTESIAN_POINT('',(-1.955181,29.890671,53.750000));
#596=CARTESIAN_POINT('',(-5.000000,14.583333,53.750000));
#597=CARTESIAN_POINT('',(-1.955181,29.890671,56.250000));
#598=POLY_LOOP('',(#595,#596,#597));
#599=FACE_OUTER_BOUND('',#598,.T.);
#600=CARTESIAN_POINT('',(-2.970121,24.788225,54.583333));
#601=DIRECTION('',(-0.980785,0.195090,0.000000));
#602=DIRECTION('',(0.000000,0.000000,-1.000000));
#603=AXIS2_PLACEMENT_3D('',#600,#601,#602);
#604=PLANE('',#603);
#605=FACE_SURFACE('',(#599),#604,.T.);
#606=CARTESIAN_POINT('',(-1.955181,29.890671,56.250000));
#607=CARTESIAN_POINT('',(-5.000000,14.583333,53.750000));
#608=CARTESIAN_POINT('',(-5.000000,14.583333,56.250000));
#609=POLY_LOOP('',(#606,#607,#608));
#610=FACE_OUTER_BOUND('',#609,.T.);
#611=CARTESIAN_POINT('',(-3.985060,19.685779,55.416667));
#612=DIRECTION('',(-0.980785,0.195090,0.000000));
#613=DIRECTION('',(0.000000,0.000000,-1.000000));
#614=AXIS2_PLACEMENT_3D('',#611,#612,#613);
#615=PLANE('',#614);
#616=FACE_SURFACE('',(#610),#615,.T.);
#617=CARTESIAN_POINT('',(-1.955181,29.890671,56.250000));
#618=CARTESIAN_POINT('',(-5.000000,14.583333,56.250000));
#619=CARTESIAN_POINT('',(35.000000,14.583333,56.250000));
#620=POLY_LOOP('',(#617,#618,#619));
#621=FACE_OUTER_BOUND('',#620,.T.);
#622=CARTESIAN_POINT('',(9.348273,19.685779,56.250000));
#623=DIRECTION('',(0.000000,0.000000,1.000000));
#624=DIRECTION('',(0.000000,1.000000,0.000000));
#625=AXIS2_PLACEMENT_3D('',#622,#623,#624);
#626=PLANE('',#625);
#627=FACE_SURFACE('',(#621),#626,.T.);
#628=CARTESIAN_POINT('',(-5.000000,14.583333,53.750000));
#629=CARTESIAN_POINT('',(35.000000,14.583333,53.750000));
#630=CARTESIAN_POINT('',(-1.955181,-0.724004,53.750000));
#631=POLY_LOOP('',(#628,#629,#630));
#632=FACE_OUTER_BOUND('',#631,.T.);
#633=CARTESIAN_POINT('',(9.348273,9.480888,53.750000));
#634=DIRECTION('',(0.000000,-0.000000,-1.000000));
#635=DIRECTION('',(0.000000,-1.000000,0.000000));
#636=AXIS2_PLACEMENT_3D('',#633,#634,#635);
#637=PLANE('',#636);
#638=FACE_SURFACE('',(#632),#637,.T.);
#639=CARTESIAN_POINT('',(-5.000000,14.583333,53.750000));
#640=CARTESIAN_POINT('',(-1.955181,-0.724004,53.750000));
#641=CARTESIAN_POINT('',(-5.000000,14.583333,56.250000));
#642=POLY_LOOP('',(#639,#640,#641));
#643=FACE_OUTER_BOUND('',#642,.T.);
#644=CARTESIAN_POINT('',(-3.985060,9.480888,54.583333));
#645=DIRECTION('',(-0.980785,-0.195090,0.000000));
#646=DIRECTION('',(-0.000000,0.000000,-1.000000));
#647=AXIS2_PLACEMENT_3D('',#644,#645,#646);
#648=PLANE('',#647);
#649=FACE_SURFACE('',(#643),#648,.T.);
#650=CARTESIAN_POINT('',(-5.000000,14.583333,56.250000));
#651=CARTESIAN_POINT('',(-1.955181,-0.724004,53.750000));
#652=CARTESIAN_POINT('',(-1.955181,-0.724004,56.250000));
#653=POLY_LOOP('',(#650,#651,#652));
#654=FACE_OUTER_BOUND('',#653,.T.);
#655=CARTESIAN_POINT('',(-2.970121,4.378442,55.416667));
#656=DIRECTION('',(-0.980785,-0.195090,0.000000));
#657=DIRECTION('',(-0.000000,0.000000,-1.000000));
#658=AXIS2_PLACEMENT_3D('',#655,#656,#657);
#659=PLANE('',#658);
#660=FACE_SURFACE('',(#654),#659,.T.);
#661=CARTESIAN_POINT('',(-5.000000,14.583333,56.250000));
#662=CARTESIAN_POINT('',(-1.955181,-0.724004,56.250000));
#663=CARTESIAN_POINT('',(35.000000,14.583333,56.250000));
#664=POLY_LOOP('',(#661,#662,#663));
#665=FACE_OUTER_BOUND('',#664,.T.);
#666=CARTESIAN_POINT('',(9.348273,9.480888,56.250000));
#667=DIRECTION('',(-0.000000,0.000000,1.000000));
#668=DIRECTION('',(0.000000,1.000000,-0.000000));
#669=AXIS2_PLACEMENT_3D('',#666,#667,#668);
#670=PLANE('',#669);
#671=FACE_SURFACE('',(#665),#670,.T.);
#672=CARTESIAN_POINT('',(-1.955181,-0.724004,53.750000));
#673=CARTESIAN_POINT('',(35.000000,14.583333,53.750000));
#674=CARTESIAN_POINT('',(6.715729,-13.700938,53.750000));
#675=POLY_LOOP('',(#672,#673,#674));
#676=FACE_OUTER_BOUND('',#675,.T.);
#677=CARTESIAN_POINT('',(13.253516,0.052797,53.750000));
#678=DIRECTION('',(0.000000,-0.000000,-1.000000));
#679=DIRECTION('',(0.000000,-1.000000,0.000000));
#680=AXIS2_PLACEMENT_3D('',#677,#678,#679);
#681=PLANE('',#680);
#682=FACE_SURFACE('',(#676),#681,.T.);
#683=CARTESIAN_POINT('',(-1.955181,-0.724004,53.750000));
#684=CARTESIAN_POINT('',(6.715729,-13.700938,53.750000));
#685=CARTESIAN_POINT('',(-1.955181,-0.724004,56.250000));
#686=POLY_LOOP('',(#683,#684,#685));
#687=FACE_OUTER_BOUND('',#686,.T.);
#688=CARTESIAN_POINT('',(0.935122,-5.049649,54.583333));
#689=DIRECTION('',(-0.831470,-0.555570,0.000000));
#690=DIRECTION('',(-0.000000,0.000000,1.000000));
#691=AXIS2_PLACEMENT_3D('',#688,#689,#690);
#692=PLANE('',#691);
#693=FACE_SURFACE('',(#687),#692,.T.);
#694=CARTESIAN_POINT('',(-1.955181,-0.724004,56.250000));
#695=CARTESIAN_POINT('',(6.715729,-13.700938,53.750000));
#696=CARTESIAN_POINT('',(6.715729,-13.700938,56.250000));
#697=POLY_LOOP('',(#694,#695,#696));
#698=FACE_OUTER_BOUND('',#697,.T.);
#699=CARTESIAN_POINT('',(3.825425,-9.375293,55.416667));
#700=DIRECTION('',(-0.831470,-0.555570,0.000000));
#701=DIRECTION('',(-0.000000,0.000000,1.000000));
#702=AXIS2_PLACEMENT_3D('',#699,#700,#701);
#703=PLANE('',#702);
#704=FACE_SURFACE('',(#698),#703,.T.);
#705=CARTESIAN_POINT('',(-1.955181,-0.724004,56.250000));
#706=CARTESIAN_POINT('',(6.715729,-13.700938,56.250000));
#707=CARTESIAN_POINT('',(35.000000,14.583333,56.250000));
#708=POLY_LOOP('',(#705,#706,#707));
#709=FACE_OUTER_BOUND('',#708,.T.);
#710=CARTESIAN_POINT('',(13.253516,0.052797,56.250000));
#711=DIRECTION('',(-0.000000,0.000000,1.000000));
#712=DIRECTION('',(0.000000,1.000000,-0.000000));
#713=AXIS2_PLACEMENT_3D('',#710,#711,#712);
#714=PLANE('',#713);
#715=FACE_SURFACE('',(#709),#714,.T.);
#716=CARTESIAN_POINT('',(6.715729,-13.700938,53.750000));
#717=CARTESIAN_POINT('',(35.000000,14.583333,53.750000));
#718=CARTESIAN_POINT('',(19.692663,-22.371848,53.750000));
#719=POLY_LOOP('',(#716,#717,#718));
#720=FACE_OUTER_BOUND('',#719,.T.);
#721=CARTESIAN_POINT('',(20.469464,-7.163151,53.750000));
#722=DIRECTION('',(0.000000,-0.000000,-1.000000));
#723=DIRECTION('',(0.000000,-1.000000,0.000000));
#724=AXIS2_PLACEMENT_3D('',#721,#722,#723);
#725=PLANE('',#724);
#726=FACE_SURFACE('',(#720),#725,.T.);
#727=CARTESIAN_POINT('',(6.715729,-13.700938,53.750000));
#728=CARTESIAN_POINT('',(19.692663,-22.371848,53.750000));
#729=CARTESIAN_POINT('',(6.715729,-13.700938,56.250000));
#730=POLY_LOOP('',(#727,#728,#729));
#731=FACE_OUTER_BOUND('',#730,.T.);
#732=CARTESIAN_POINT('',(11.041373,-16.591241,54.583333));
#733=DIRECTION('',(-0.555570,-0.831470,0.000000));
#734=DIRECTION('',(-0.000000,0.000000,1.000000));
#735=AXIS2_PLACEMENT_3D('',#732,#733,#734);
#736=PLANE('',#735);
#737=FACE_SURFACE('',(#731),#736,.T.);
#738=CARTESIAN_POINT('',(6.715729,-13.700938,56.250000));
#739=CARTESIAN_POINT('',(19.692663,-22.371848,53.750000));
#740=CARTESIAN_POINT('',(19.692663,-22.371848,56.250000));
#741=POLY_LOOP('',(#738,#739,#740));
#742=FACE_OUTER_BOUND('',#741,.T.);
#743=CARTESIAN_POINT('',(15.367018,-19.481545,55.416667));
#744=DIRECTION('',(-0.555570,-0.831470,0.000000));
#745=DIRECTION('',(-0.000000,0.000000,1.000000));
#746=AXIS2_PLACEMENT_3D('',#743,#744,#745);
#747=PLANE('',#746);
#748=FACE_SURFACE('',(#742),#747,.T.);
#749=CARTESIAN_POINT('',(6.715729,-13.700938,56.250000));
#750=CARTESIAN_POINT('',(19.692663,-22.371848,56.250000));
#751=CARTESIAN_POINT('',(35.000000,14.583333,56.250000));
#752=POLY_LOOP('',(#749,#750,#751));
#753=FACE_OUTER_BOUND('',#752,.T.);
#754=CARTESIAN_POINT('',(20.469464,-7.163151,56.250000));
#755=DIRECTION('',(-0.000000,0.000000,1.000000));
#756=DIRECTION('',(0.000000,1.000000,-0.000000));
#757=AXIS2_PLACEMENT_3D('',#754,#755,#756);
#758=PLANE('',#757);
#759=FACE_SURFACE('',(#753),#758,.T.);
#760=CARTESIAN_POINT('',(19.692663,-22.371848,53.750000));
#761=CARTESIAN_POINT('',(35.000000,14.583333,53.750000));
#762=CARTESIAN_POINT('',(35.000000,-25.416667,53.750000));
#763=POLY_LOOP('',(#760,#761,#762));
#764=FACE_OUTER_BOUND('',#763,.T.);
#765=CARTESIAN_POINT('',(29.897554,-11.068394,53.750000));
#766=DIRECTION('',(0.000000,-0.000000,-1.000000));
#767=DIRECTION('',(0.000000,-1.000000,0.000000));
#768=AXIS2_PLACEMENT_3D('',#765,#766,#767);
#769=PLANE('',#768);
#770=FACE_SURFACE('',(#764),#769,.T.);
#771=CARTESIAN_POINT('',(19.692663,-22.371848,53.750000));
#772=CARTESIAN_POINT('',(35.000000,-25.416667,53.750000));
#773=CARTESIAN_POINT('',(19.692663,-22.371848,56.250000));
#774=POLY_LOOP('',(#771,#772,#773));
#775=FACE_OUTER_BOUND('',#774,.T.);
#776=CARTESIAN_POINT('',(24.795108,-23.386788,54.583333));
#777=DIRECTION('',(-0.195090,-0.980785,0.000000));
#778=DIRECTION('',(-0.000000,0.000000,1.000000));
#779=AXIS2_PLACEMENT_3D('',#776,#777,#778);
#780=PLANE('',#779);
#781=FACE_SURFACE('',(#775),#780,.T.);
#782=CARTESIAN_POINT('',(19.692663,-22.371848,56.250000));
#783=CARTESIAN_POINT('',(35.000000,-25.416667,53.750000));
#784=CARTESIAN_POINT('',(35.000000,-25.416667,56.250000));
#785=POLY_LOOP('',(#782,#783,#784));
#786=FACE_OUTER_BOUND('',#785,.T.);
#787=CARTESIAN_POINT('',(29.897554,-24.401727,55.416667));
#788=DIRECTION('',(-0.195090,-0.980785,0.000000));
#789=DIRECTION('',(-0.000000,0.000000,1.000000));
#790=AXIS2_PLACEMENT_3D('',#787,#788,#789);
#791=PLANE('',#790);
#792=FACE_SURFACE('',(#786),#791,.T.);
#793=CARTESIAN_POINT('',(19.692663,-22.371848,56.250000));
#794=CARTESIAN_POINT('',(35.000000,-25.416667,56.250000));
#795=CARTESIAN_POINT('',(35.000000,14.583333,56.250000));
#796=POLY_LOOP('',(#793,#794,#795));
#797=FACE_OUTER_BOUND('',#796,.T.);
#798=CARTESIAN_POINT('',(29.897554,-11.068394,56.250000));
#799=DIRECTION('',(-0.000000,0.000000,1.000000));
#800=DIRECTION('',(0.000000,1.000000,-0.000000));
#801=AXIS2_PLACEMENT_3D('',#798,#799,#800);
#802=PLANE('',#801);
#803=FACE_SURFACE('',(#797),#802,.T.);
#804=CARTESIAN_POINT('',(35.000000,-25.416667,53.750000));
#805=CARTESIAN_POINT('',(35.000000,14.583333,53.750000));
#806=CARTESIAN_POINT('',(50.307337,-22.371848,53.750000));
#807=POLY_LOOP('',(#804,#805,#806));
#808=FACE_OUTER_BOUND('',#807,.T.);
#809=CARTESIAN_POINT('',(40.102446,-11.068394,53.750000));
#810=DIRECTION('',(0.000000,0.000000,-1.000000));
#811=DIRECTION('',(0.000000,-1.000000,0.000000));
#812=AXIS2_PLACEMENT_3D('',#809,#810,#811);
#813=PLANE('',#812);
#814=FACE_SURFACE('',(#808),#813,.T.);
#815=CARTESIAN_POINT('',(35.000000,-25.416667,53.750000));
#816=CARTESIAN_POINT('',(50.307337,-22.371848,53.750000));
#817=CARTESIAN_POINT('',(35.000000,-25.416667,56.250000));
#818=POLY_LOOP('',(#815,#816,#817));
#819=FACE_OUTER_BOUND('',#818,.T.);
#820=CARTESIAN_POINT('',(40.102446,-24.401727,54.583333));
#821=DIRECTION('',(0.195090,-0.980785,0.000000));
#822=DIRECTION('',(-0.000000,0.000000,1.000000));
#823=AXIS2_PLACEMENT_3D('',#820,#821,#822);
#824=PLANE('',#823);
#825=FACE_SURFACE('',(#819),#824,.T.);
#826=CARTESIAN_POINT('',(35.000000,-25.416667,56.250000));
#827=CARTESIAN_POINT('',(50.307337,-22.371848,53.750000));
#828=CARTESIAN_POINT('',(50.307337,-22.371848,56.250000));
#829=POLY_LOOP('',(#826,#827,#828));
#830=FACE_OUTER_BOUND('',#829,.T.);
#831=CARTESIAN_POINT('',(45.204892,-23.386788,55.416667));
#832=DIRECTION('',(0.195090,-0.980785,0.000000));
#833=DIRECTION('',(-0.000000,0.000000,1.000000));
#834=AXIS2_PLACEMENT_3D('',#831,#832,#833);
#835=PLANE('',#834);
#836=FACE_SURFACE('',(#830),#835,.T.);
#837=CARTESIAN_POINT('',(35.000000,-25.416667,56.250000));
#838=CARTESIAN_POINT('',(50.307337,-22.371848,56.250000));
#839=CARTESIAN_POINT('',(35.000000,14.583333,56.250000));
#840=POLY_LOOP('',(#837,#838,#839));
#841=FACE_OUTER_BOUND('',#840,.T.);
#842=CARTESIAN_POINT('',(40.102446,-11.068394,56.250000));
#843=DIRECTION('',(0.000000,-0.000000,1.000000));
#844=DIRECTION('',(-0.000000,1.000000,0.000000));
#845=AXIS2_PLACEMENT_3D('',#842,#843,#844);
#846=PLANE('',#845);
#847=FACE_SURFACE('',(#841),#846,.T.);
#848=CARTESIAN_POINT('',(50.307337,-22.371848,53.750000));
#849=CARTESIAN_POINT('',(35.000000,14.583333,53.750000));
#850=CARTESIAN_POINT('',(63.284271,-13.700938,53.750000));
#851=POLY_LOOP('',(#848,#849,#850));
#852=FACE_OUTER_BOUND('',#851,.T.);
#853=CARTESIAN_POINT('',(49.530536,-7.163151,53.750000));
#854=DIRECTION('',(0.000000,0.000000,-1.000000));
#855=DIRECTION('',(0.000000,-1.000000,0.000000));
#856=AXIS2_PLACEMENT_3D('',#853,#854,#855);
#857=PLANE('',#856);
#858=FACE_SURFACE('',(#852),#857,.T.);
#859=CARTESIAN_POINT('',(50.307337,-22.371848,53.750000));
#860=CARTESIAN_POINT('',(63.284271,-13.700938,53.750000));
#861=CARTESIAN_POINT('',(50.307337,-22.371848,56.250000));
#862=POLY_LOOP('',(#859,#860,#861));
#863=FACE_OUTER_BOUND('',#862,.T.);
#864=CARTESIAN_POINT('',(54.632982,-19.481545,54.583333));
#865=DIRECTION('',(0.555570,-0.831470,0.000000));
#866=DIRECTION('',(-0.000000,0.000000,1.000000));
#867=AXIS2_PLACEMENT_3D('',#864,#865,#866);
#868=PLANE('',#867);
#869=FACE_SURFACE('',(#863),#868,.T.);
#870=CARTESIAN_POINT('',(50.307337,-22.371848,56.250000));
#871=CARTESIAN_POINT('',(63.284271,-13.700938,53.750000));
#872=CARTESIAN_POINT('',(63.284271,-13.700938,56.250000));
#873=POLY_LOOP('',(#870,#871,#872));
#874=FACE_OUTER_BOUND('',#873,.T.);
#875=CARTESIAN_POINT('',(58.958627,-16.591241,55.416667));
#876=DIRECTION('',(0.555570,-0.831470,0.000000));
#877=DIRECTION('',(-0.000000,0.000000,1.000000));
#878=AXIS2_PLACEMENT_3D('',#875,#876,#877);
#879=PLANE('',#878);
#880=FACE_SURFACE('',(#874),#879,.T.);
#881=CARTESIAN_POINT('',(50.307337,-22.371848,56.250000));
#882=CARTESIAN_POINT('',(63.284271,-13.700938,56.250000));
#883=CARTESIAN_POINT('',(35.000000,14.583333,56.250000));
#884=POLY_LOOP('',(#881,#882,#883));
#885=FACE_OUTER_BOUND('',#884,.T.);
#886=CARTESIAN_POINT('',(49.530536,-7.163151,56.250000));
#887=DIRECTION('',(0.000000,-0.000000,1.000000));
#888=DIRECTION('',(-0.000000,1.000000,0.000000));
#889=AXIS2_PLACEMENT_3D('',#886,#887,#888);
#890=PLANE('',#889);
#891=FACE_SURFACE('',(#885),#890,.T.);
#892=CARTESIAN_POINT('',(63.284271,-13.700938,53.750000));
#893=CARTESIAN_POINT('',(35.000000,14.583333,53.750000));
#894=CARTESIAN_POINT('',(71.955181,-0.724004,53.750000));
#895=POLY_LOOP('',(#892,#893,#894));
#896=FACE_OUTER_BOUND('',#895,.T.);
#897=CARTESIAN_POINT('',(56.746484,0.052797,53.750000));
#898=DIRECTION('',(0.000000,0.000000,-1.000000));
#899=DIRECTION('',(0.000000,-1.000000,0.000000));
#900=AXIS2_PLACEMENT_3D('',#897,#898,#899);
#901=PLANE('',#900);
#902=FACE_SURFACE('',(#896),#901,.T.);
#903=CARTESIAN_POINT('',(63.284271,-13.700938,53.750000));
#904=CARTESIAN_POINT('',(71.955181,-0.724004,53.750000));
#905=CARTESIAN_POINT('',(63.284271,-13.700938,56.250000));
#906=POLY_LOOP('',(#903,#904,#905));
#907=FACE_OUTER_BOUND('',#906,.T.);
#908=CARTESIAN_POINT('',(66.174575,-9.375293,54.583333));
#909=DIRECTION('',(0.831470,-0.555570,0.000000));
#910=DIRECTION('',(-0.000000,0.000000,1.000000));
#911=AXIS2_PLACEMENT_3D('',#908,#909,#910);
#912=PLANE('',#911);
#913=FACE_SURFACE('',(#907),#912,.T.);
#914=CARTESIAN_POINT('',(63.284271,-13.700938,56.250000));
#915=CARTESIAN_POINT('',(71.955181,-0.724004,53.750000));
#916=CARTESIAN_POINT('',(71.955181,-0.724004,56.250000));
#917=POLY_LOOP('',(#914,#915,#916));
#918=FACE_OUTER_BOUND('',#917,.T.);
#919=CARTESIAN_POINT('',(69.064878,-5.049649,55.416667));
#920=DIRECTION('',(0.831470,-0.555570,0.000000));
#921=DIRECTION('',(-0.000000,0.000000,1.000000));
#922=AXIS2_PLACEMENT_3D('',#919,#920,#921);
#923=PLANE('',#922);
#924=FACE_SURFACE('',(#918),#923,.T.);
#925=CARTESIAN_POINT('',(63.284271,-13.700938,56.250000));
#926=CARTESIAN_POINT('',(71.955181,-0.724004,56.250000));
#927=CARTESIAN_POINT('',(35.000000,14.583333,56.250000));
#928=POLY_LOOP('',(#925,#926,#927));
#929=FACE_OUTER_BOUND('',#928,.T.);
#930=CARTESIAN_POINT('',(56.746484,0.052797,56.250000));
#931=DIRECTION('',(0.000000,-0.000000,1.000000));
#932=DIRECTION('',(-0.000000,1.000000,0.000000));
#933=AXIS2_PLACEMENT_3D('',#930,#931,#932);
#934=PLANE('',#933);
#935=FACE_SURFACE('',(#929),#934,.T.);
#936=CARTESIAN_POINT('',(71.955181,-0.724004,53.750000));
#937=CARTESIAN_POINT('',(35.000000,14.583333,53.750000));
#938=CARTESIAN_POINT('',(75.000000,14.583333,53.750000));
#939=POLY_LOOP('',(#936,#937,#938));
#940=FACE_OUTER_BOUND('',#939,.T.);
#941=CARTESIAN_POINT('',(60.651727,9.480888,53.750000));
#942=DIRECTION('',(0.000000,0.000000,-1.000000));
#943=DIRECTION('',(0.000000,-1.000000,0.000000));
#944=AXIS2_PLACEMENT_3D('',#941,#942,#943);
#945=PLANE('',#944);
#946=FACE_SURFACE('',(#940),#945,.T.);
#947=CARTESIAN_POINT('',(71.955181,-0.724004,53.750000));
#948=CARTESIAN_POINT('',(75.000000,14.583333,53.750000));
#949=CARTESIAN_POINT('',(71.955181,-0.724004,56.250000));
#950=POLY_LOOP('',(#947,#948,#949));
#951=FACE_OUTER_BOUND('',#950,.T.);
#952=CARTESIAN_POINT('',(72.970121,4.378442,54.583333));
#953=DIRECTION('',(0.980785,-0.195090,0.000000));
#954=DIRECTION('',(-0.000000,0.000000,1.000000));
#955=AXIS2_PLACEMENT_3D('',#952,#953,#954);
#956=PLANE('',#955);
#957=FACE_SURFACE('',(#951),#956,.T.);
#958=CARTESIAN_POINT('',(71.955181,-0.724004,56.250000));
#959=CARTESIAN_POINT('',(75.000000,14.583333,53.750000));
#960=CARTESIAN_POINT('',(75.000000,14.583333,56.250000));
#961=POLY_LOOP('',(#958,#959,#960));
#962=FACE_OUTER_BOUND('',#961,.T.);
#963=CARTESIAN_POINT('',(73.985060,9.480888,55.416667));
#964=DIRECTION('',(0.980785,-0.195090,0.000000));
#965=DIRECTION('',(-0.000000,0.000000,1.000000));
#966=AXIS2_PLACEMENT_3D('',#963,#964,#965);
#967=PLANE('',#966);
#968=FACE_SURFACE('',(#962),#967,.T.);
#969=CARTESIAN_POINT('',(71.955181,-0.724004,56.250000));
#970=CARTESIAN_POINT('',(75.000000,14.583333,56.250000));
#971=CARTESIAN_POINT('',(35.000000,14.583333,56.250000));
#972=POLY_LOOP('',(#969,#970,#971));
#973=FACE_OUTER_BOUND('',#972,.T.);
#974=CARTESIAN_POINT('',(60.651727,9.480888,56.250000));
#975=DIRECTION('',(0.000000,-0.000000,1.000000));
#976=DIRECTION('',(-0.000000,1.000000,0.000000));
#977=AXIS2_PLACEMENT_3D('',#974,#975,#976);
#978=PLANE('',#977);
#979=FACE_SURFACE('',(#973),#978,.T.);
#980=CARTESIAN_POINT('',(87.750000,14.583333,53.750000));
#981=CARTESIAN_POINT('',(57.750000,14.583333,53.750000));
#982=CARTESIAN_POINT('',(85.466386,26.063836,53.750000));
#983=POLY_LOOP('',(#980,#981,#982));
#984=FACE_OUTER_BOUND('',#983,.T.);
#985=CARTESIAN_POINT('',(76.988795,18.410168,53.750000));
#986=DIRECTION('',(0.000000,0.000000,-1.000000));
#987=DIRECTION('',(0.000000,-1.000000,0.000000));
#988=AXIS2_PLACEMENT_3D('',#985,#986,#987);
#989=PLANE('',#988);
#990=FACE_SURFACE('',(#984),#989,.T.);
#991=CARTESIAN_POINT('',(87.750000,14.583333,53.750000));
#992=CARTESIAN_POINT('',(85.466386,26.063836,53.750000));
#993=CARTESIAN_POINT('',(87.750000,14.583333,56.250000));
#994=POLY_LOOP('',(#991,#992,#993));
#995=FACE_OUTER_BOUND('',#994,.T.);
#996=CARTESIAN_POINT('',(86.988795,18.410168,54.583333));
#997=DIRECTION('',(0.980785,0.195090,0.000000));
#998=DIRECTION('',(0.000000,0.000000,1.000000));
#999=AXIS2_PLACEMENT_3D('',#996,#997,#998);
#1000=PLANE('',#999);
#1001=FACE_SURFACE('',(#995),#1000,.T.);
#1002=CARTESIAN_POINT('',(87.750000,14.583333,56.250000));
#1003=CARTESIAN_POINT('',(85.466386,26.063836,53.750000));
#1004=CARTESIAN_POINT('',(85.466386,26.063836,56.250000));
#1005=POLY_LOOP('',(#1002,#1003,#1004));
#1006=FACE_OUTER_BOUND('',#1005,.T.);
#1007=CARTESIAN_POINT('',(86.227591,22.237002,55.416667));
#1008=DIRECTION('',(0.980785,0.195090,-0.000000));
#1009=DIRECTION('',(0.000000,-0.000000,1.000000));
#1010=AXIS2_PLACEMENT_3D('',#1007,#1008,#1009);
#1011=PLANE('',#1010);
#1012=FACE_SURFACE('',(#1006),#1011,.T.);
#1013=CARTESIAN_POINT('',(87.750000,14.583333,56.250000));
#1014=CARTESIAN_POINT('',(85.466386,26.063836,56.250000));
#1015=CARTESIAN_POINT('',(57.750000,14.583333,56.250000));
#1016=POLY_LOOP('',(#1013,#1014,#1015));
#1017=FACE_OUTER_BOUND('',#1016,.T.);
#1018=CARTESIAN_POINT('',(76.988795,18.410168,56.250000));
#1019=DIRECTION('',(0.000000,0.000000,1.000000));
#1020=DIRECTION('',(0.000000,1.000000,0.000000));
#1021=AXIS2_PLACEMENT_3D('',#1018,#1019,#1020);
#1022=PLANE('',#1021);
#1023=FACE_SURFACE('',(#1017),#1022,.T.);
#1024=CARTESIAN_POINT('',(85.466386,26.063836,53.750000));
#1025=CARTESIAN_POINT('',(57.750000,14.583333,53.750000));
#1026=CARTESIAN_POINT('',(78.963203,35.796537,53.750000));
#1027=POLY_LOOP('',(#1024,#1025,#1026));
#1028=FACE_OUTER_BOUND('',#1027,.T.);
#1029=CARTESIAN_POINT('',(74.059863,25.481235,53.750000));
#1030=DIRECTION('',(-0.000000,0.000000,-1.000000));
#1031=DIRECTION('',(0.000000,-1.000000,-0.000000));
#1032=AXIS2_PLACEMENT_3D('',#1029,#1030,#1031);
#1033=PLANE('',#1032);
#1034=FACE_SURFACE('',(#1028),#1033,.T.);
#1035=CARTESIAN_POINT('',(85.466386,26.063836,53.750000));
#1036=CARTESIAN_POINT('',(78.963203,35.796537,53.750000));
#1037=CARTESIAN_POINT('',(85.466386,26.063836,56.250000));
#1038=POLY_LOOP('',(#1035,#1036,#1037));
#1039=FACE_OUTER_BOUND('',#1038,.T.);
#1040=CARTESIAN_POINT('',(83.298658,29.308070,54.583333));
#1041=DIRECTION('',(0.831470,0.555570,0.000000));
#1042=DIRECTION('',(0.000000,0.000000,-1.000000));
#1043=AXIS2_PLACEMENT_3D('',#1040,#1041,#1042);
#1044=PLANE('',#1043);
#1045=FACE_SURFACE('',(#1039),#1044,.T.);
#1046=CARTESIAN_POINT('',(85.466386,26.063836,56.250000));
#1047=CARTESIAN_POINT('',(78.963203,35.796537,53.750000));
#1048=CARTESIAN_POINT('',(78.963203,35.796537,56.250000));
#1049=POLY_LOOP('',(#1046,#1047,#1048));
#1050=FACE_OUTER_BOUND('',#1049,.T.);
#1051=CARTESIAN_POINT('',(81.130931,32.552303,55.416667));
#1052=DIRECTION('',(0.831470,0.555570,-0.000000));
#1053=DIRECTION('',(0.000000,-0.000000,-1.000000));
#1054=AXIS2_PLACEMENT_3D('',#1051,#1052,#1053);
#1055=PLANE('',#1054);
#1056=FACE_SURFACE('',(#1050),#1055,.T.);
#1057=CARTESIAN_POINT('',(85.466386,26.063836,56.250000));
#1058=CARTESIAN_POINT('',(78.963203,35.796537,56.250000));
#1059=CARTESIAN_POINT('',(57.750000,14.583333,56.250000));
#1060=POLY_LOOP('',(#1057,#1058,#1059));
#1061=FACE_OUTER_BOUND('',#1060,.T.);
#1062=CARTESIAN_POINT('',(74.059863,25.481235,56.250000));
#1063=DIRECTION('',(0.000000,0.000000,1.000000));
#1064=DIRECTION('',(0.000000,1.000000,0.000000));
#1065=AXIS2_PLACEMENT_3D('',#1062,#1063,#1064);
#1066=PLANE('',#1065);
#1067=FACE_SURFACE('',(#1061),#1066,.T.);
#1068=CARTESIAN_POINT('',(78.963203,35.796537,53.750000));
#1069=CARTESIAN_POINT('',(57.750000,14.583333,53.750000));
#1070=CARTESIAN_POINT('',(69.230503,42.299719,53.750000));
#1071=POLY_LOOP('',(#1068,#1069,#1070));
#1072=FACE_OUTER_BOUND('',#1071,.T.);
#1073=CARTESIAN_POINT('',(68.647902,30.893196,53.750000));
#1074=DIRECTION('',(-0.000000,0.000000,-1.000000));
#1075=DIRECTION('',(0.000000,-1.000000,-0.000000));
#1076=AXIS2_PLACEMENT_3D('',#1073,#1074,#1075);
#1077=PLANE('',#1076);
#1078=FACE_SURFACE('',(#1072),#1077,.T.);
#1079=CARTESIAN_POINT('',(78.963203,35.796537,53.750000));
#1080=CARTESIAN_POINT('',(69.230503,42.299719,53.750000));
#1081=CARTESIAN_POINT('',(78.963203,35.796537,56.250000));
#1082=POLY_LOOP('',(#1079,#1080,#1081));
#1083=FACE_OUTER_BOUND('',#1082,.T.);
#1084=CARTESIAN_POINT('',(75.718970,37.964264,54.583333));
#1085=DIRECTION('',(0.555570,0.831470,0.000000));
#1086=DIRECTION('',(0.000000,0.000000,-1.000000));
#1087=AXIS2_PLACEMENT_3D('',#1084,#1085,#1086);
#1088=PLANE('',#1087);
#1089=FACE_SURFACE('',(#1083),#1088,.T.);
#1090=CARTESIAN_POINT('',(78.963203,35.796537,56.250000));
#1091=CARTESIAN_POINT('',(69.230503,42.299719,53.750000));
#1092=CARTESIAN_POINT('',(69.230503,42.299719,56.250000));
#1093=POLY_LOOP('',(#1090,#1091,#1092));
#1094=FACE_OUTER_BOUND('',#1093,.T.);
#1095=CARTESIAN_POINT('',(72.474736,40.131992,55.416667));
#1096=DIRECTION('',(0.555570,0.831470,-0.000000));
#1097=DIRECTION('',(0.000000,-0.000000,-1.000000));
#1098=AXIS2_PLACEMENT_3D('',#1095,#1096,#1097);
#1099=PLANE('',#1098);
#1100=FACE_SURFACE('',(#1094),#1099,.T.);
#1101=CARTESIAN_POINT('',(78.963203,35.796537,56.250000));
#1102=CARTESIAN_POINT('',(69.230503,42.299719,56.250000));
#1103=CARTESIAN_POINT('',(57.750000,14.583333,56.250000));
#1104=POLY_LOOP('',(#1101,#1102,#1103));
#1105=FACE_OUTER_BOUND('',#1104,.T.);
#1106=CARTESIAN_POINT('',(68.647902,30.893196,56.250000));
#1107=DIRECTION('',(0.000000,0.000000,1.000000));
#1108=DIRECTION('',(0.000000,1.000000,0.000000));
#1109=AXIS2_PLACEMENT_3D('',#1106,#1107,#1108);
#1110=PLANE('',#1109);
#1111=FACE_SURFACE('',(#1105),#1110,.T.);
#1112=CARTESIAN_POINT('',(69.230503,42.299719,53.750000));
#1113=CARTESIAN_POINT('',(57.750000,14.583333,53.750000));
#1114=CARTESIAN_POINT('',(57.750000,44.583333,53.750000));
#1115=POLY_LOOP('',(#1112,#1113,#1114));
#1116=FACE_OUTER_BOUND('',#1115,.T.);
#1117=CARTESIAN_POINT('',(61.576834,33.822129,53.750000));
#1118=DIRECTION('',(-0.000000,0.000000,-1.000000));
#1119=DIRECTION('',(0.000000,-1.000000,-0.000000));
#1120=AXIS2_PLACEMENT_3D('',#1117,#1118,#1119);
#1121=PLANE('',#1120);
#1122=FACE_SURFACE('',(#1116),#1121,.T.);
#1123=CARTESIAN_POINT('',(69.230503,42.299719,53.750000));
#1124=CARTESIAN_POINT('',(57.750000,44.583333,53.750000));
#1125=CARTESIAN_POINT('',(69.230503,42.299719,56.250000));
#1126=POLY_LOOP('',(#1123,#1124,#1125));
#1127=FACE_OUTER_BOUND('',#1126,.T.);
#1128=CARTESIAN_POINT('',(65.403669,43.060924,54.583333));
#1129=DIRECTION('',(0.195090,0.980785,0.000000));
#1130=DIRECTION('',(0.000000,0.000000,-1.000000));
#1131=AXIS2_PLACEMENT_3D('',#1128,#1129,#1130);
#1132=PLANE('',#1131);
#1133=FACE_SURFACE('',(#1127),#1132,.T.);
#1134=CARTESIAN_POINT('',(69.230503,42.299719,56.250000));
#1135=CARTESIAN_POINT('',(57.750000,44.583333,53.750000));
#1136=CARTESIAN_POINT('',(57.750000,44.583333,56.250000));
#1137=POLY_LOOP('',(#1134,#1135,#1136));
#1138=FACE_OUTER_BOUND('',#1137,.T.);
#1139=CARTESIAN_POINT('',(61.576834,43.822129,55.416667));
#1140=DIRECTION('',(0.195090,0.980785,-0.000000));
#1141=DIRECTION('',(0.000000,-0.000000,-1.000000));
#1142=AXIS2_PLACEMENT_3D('',#1139,#1140,#1141);
#1143=PLANE('',#1142);
#1144=FACE_SURFACE('',(#1138),#1143,.T.);
#1145=CARTESIAN_POINT('',(69.230503,42.299719,56.250000));
#1146=CARTESIAN_POINT('',(57.750000,44.583333,56.250000));
#1147=CARTESIAN_POINT('',(57.750000,14.583333,56.250000));
#1148=POLY_LOOP('',(#1145,#1146,#1147));
#1149=FACE_OUTER_BOUND('',#1148,.T.);
#1150=CARTESIAN_POINT('',(61.576834,33.822129,56.250000));
#1151=DIRECTION('',(0.000000,0.000000,1.000000));
#1152=DIRECTION('',(0.000000,1.000000,0.000000));
#1153=AXIS2_PLACEMENT_3D('',#1150,#1151,#1152);
#1154=PLANE('',#1153);
#1155=FACE_SURFACE('',(#1149),#1154,.T.);
#1156=CARTESIAN_POINT('',(57.750000,44.583333,53.750000));
#1157=CARTESIAN_POINT('',(57.750000,14.583333,53.750000));
#1158=CARTESIAN_POINT('',(46.269497,42.299719,53.750000));
#1159=POLY_LOOP('',(#1156,#1157,#1158));
#1160=FACE_OUTER_BOUND('',#1159,.T.);
#1161=CARTESIAN_POINT('',(53.923166,33.822129,53.750000));
#1162=DIRECTION('',(-0.000000,-0.000000,-1.000000));
#1163=DIRECTION('',(0.000000,-1.000000,0.000000));
#1164=AXIS2_PLACEMENT_3D('',#1161,#1162,#1163);
#1165=PLANE('',#1164);
#1166=FACE_SURFACE('',(#1160),#1165,.T.);
#1167=CARTESIAN_POINT('',(57.750000,44.583333,53.750000));
#1168=CARTESIAN_POINT('',(46.269497,42.299719,53.750000));
#1169=CARTESIAN_POINT('',(57.750000,44.583333,56.250000));
#1170=POLY_LOOP('',(#1167,#1168,#1169));
#1171=FACE_OUTER_BOUND('',#1170,.T.);
#1172=CARTESIAN_POINT('',(53.923166,43.822129,54.583333));
#1173=DIRECTION('',(-0.195090,0.980785,0.000000));
#1174=DIRECTION('',(0.000000,0.000000,-1.000000));
#1175=AXIS2_PLACEMENT_3D('',#1172,#1173,#1174);
#1176=PLANE('',#1175);
#1177=FACE_SURFACE('',(#1171),#1176,.T.);
#1178=CARTESIAN_POINT('',(57.750000,44.583333,56.250000));
#1179=CARTESIAN_POINT('',(46.269497,42.299719,53.750000));
#1180=CARTESIAN_POINT('',(46.269497,42.299719,56.250000));
#1181=POLY_LOOP('',(#1178,#1179,#1180));
#1182=FACE_OUTER_BOUND('',#1181,.T.);
#1183=CARTESIAN_POINT('',(50.096331,43.060924,55.416667));
#1184=DIRECTION('',(-0.195090,0.980785,0.000000));
#1185=DIRECTION('',(0.000000,0.000000,-1.000000));
#1186=AXIS2_PLACEMENT_3D('',#1183,#1184,#1185);
#1187=PLANE('',#1186);
#1188=FACE_SURFACE('',(#1182),#1187,.T.);
#1189=CARTESIAN_POINT('',(57.750000,44.583333,56.250000));
#1190=CARTESIAN_POINT('',(46.269497,42.299719,56.250000));
#1191=CARTESIAN_POINT('',(57.750000,14.583333,56.250000));
#1192=POLY_LOOP('',(#1189,#1190,#1191));
#1193=FACE_OUTER_BOUND('',#1192,.T.);
#1194=CARTESIAN_POINT('',(53.923166,33.822129,56.250000));
#1195=DIRECTION('',(0.000000,0.000000,1.000000));
#1196=DIRECTION('',(0.000000,1.000000,0.000000));
#1197=AXIS2_PLACEMENT_3D('',#1194,#1195,#1196);
#1198=PLANE('',#1197);
#1199=FACE_SURFACE('',(#1193),#1198,.T.);
#1200=CARTESIAN_POINT('',(46.269497,42.299719,53.750000));
#1201=CARTESIAN_POINT('',(57.750000,14.583333,53.750000));
#1202=CARTESIAN_POINT('',(36.536797,35.796537,53.750000));
#1203=POLY_LOOP('',(#1200,#1201,#1202));
#1204=FACE_OUTER_BOUND('',#1203,.T.);
#1205=CARTESIAN_POINT('',(46.852098,30.893196,53.750000));
#1206=DIRECTION('',(-0.000000,-0.000000,-1.000000));
#1207=DIRECTION('',(0.000000,-1.000000,0.000000));
#1208=AXIS2_PLACEMENT_3D('',#1205,#1206,#1207);
#1209=PLANE('',#1208);
#1210=FACE_SURFACE('',(#1204),#1209,.T.);
#1211=CARTESIAN_POINT('',(46.269497,42.299719,53.750000));
#1212=CARTESIAN_POINT('',(36.536797,35.796537,53.750000));
#1213=CARTESIAN_POINT('',(46.269497,42.299719,56.250000));
#1214=POLY_LOOP('',(#1211,#1212,#1213));
#1215=FACE_OUTER_BOUND('',#1214,.T.);
#1216=CARTESIAN_POINT('',(43.025264,40.131992,54.583333));
#1217=DIRECTION('',(-0.555570,0.831470,0.000000));
#1218=DIRECTION('',(0.000000,0.000000,-1.000000));
#1219=AXIS2_PLACEMENT_3D('',#1216,#1217,#1218);
#1220=PLANE('',#1219);
#1221=FACE_SURFACE('',(#1215),#1220,.T.);
#1222=CARTESIAN_POINT('',(46.269497,42.299719,56.250000));
#1223=CARTESIAN_POINT('',(36.536797,35.796537,53.750000));
#1224=CARTESIAN_POINT('',(36.536797,35.796537,56.250000));
#1225=POLY_LOOP('',(#1222,#1223,#1224));
#1226=FACE_OUTER_BOUND('',#1225,.T.);
#1227=CARTESIAN_POINT('',(39.781030,37.964264,55.416667));
#1228=DIRECTION('',(-0.555570,0.831470,0.000000));
#1229=DIRECTION('',(0.000000,0.000000,-1.000000));
#1230=AXIS2_PLACEMENT_3D('',#1227,#1228,#1229);
#1231=PLANE('',#1230);
#1232=FACE_SURFACE('',(#1226),#1231,.T.);
#1233=CARTESIAN_POINT('',(46.269497,42.299719,56.250000));
#1234=CARTESIAN_POINT('',(36.536797,35.796537,56.250000));
#1235=CARTESIAN_POINT('',(57.750000,14.583333,56.250000));
#1236=POLY_LOOP('',(#1233,#1234,#1235));
#1237=FACE_OUTER_BOUND('',#1236,.T.);
#1238=CARTESIAN_POINT('',(46.852098,30.893196,56.250000));
#1239=DIRECTION('',(0.000000,0.000000,1.000000));
#1240=DIRECTION('',(0.000000,1.000000,0.000000));
#1241=AXIS2_PLACEMENT_3D('',#1238,#1239,#1240);
#1242=PLANE('',#1241);
#1243=FACE_SURFACE('',(#1237),#1242,.T.);
#1244=CARTESIAN_POINT('',(36.536797,35.796537,53.750000));
#1245=CARTESIAN_POINT('',(57.750000,14.583333,53.750000));
#1246=CARTESIAN_POINT('',(30.033614,26.063836,53.750000));
#1247=POLY_LOOP('',(#1244,#1245,#1246));
#1248=FACE_OUTER_BOUND('',#1247,.T.);
#1249=CARTESIAN_POINT('',(41.440137,25.481235,53.750000));
#1250=DIRECTION('',(-0.000000,-0.000000,-1.000000));
#1251=DIRECTION('',(0.000000,-1.000000,0.000000));
#1252=AXIS2_PLACEMENT_3D('',#1249,#1250,#1251);
#1253=PLANE('',#1252);
#1254=FACE_SURFACE('',(#1248),#1253,.T.);
#1255=CARTESIAN_POINT('',(36.536797,35.796537,53.750000));
#1256=CARTESIAN_POINT('',(30.033614,26.063836,53.750000));
#1257=CARTESIAN_POINT('',(36.536797,35.796537,56.250000));
#1258=POLY_LOOP('',(#1255,#1256,#1257));
#1259=FACE_OUTER_BOUND('',#1258,.T.);
#1260=CARTESIAN_POINT('',(34.369069,32.552303,54.583333));
#1261=DIRECTION('',(-0.831470,0.555570,0.000000));
#1262=DIRECTION('',(0.000000,0.000000,-1.000000));
#1263=AXIS2_PLACEMENT_3D('',#1260,#1261,#1262);
#1264=PLANE('',#1263);
#1265=FACE_SURFACE('',(#1259),#1264,.T.);
#1266=CARTESIAN_POINT('',(36.536797,35.796537,56.250000));
#1267=CARTESIAN_POINT('',(30.033614,26.063836,53.750000));
#1268=CARTESIAN_POINT('',(30.033614,26.063836,56.250000));
#1269=POLY_LOOP('',(#1266,#1267,#1268));
#1270=FACE_OUTER_BOUND('',#1269,.T.);
#1271=CARTESIAN_POINT('',(32.201342,29.308070,55.416667));
#1272=DIRECTION('',(-0.831470,0.555570,0.000000));
#1273=DIRECTION('',(0.000000,0.000000,-1.000000));
#1274=AXIS2_PLACEMENT_3D('',#1271,#1272,#1273);
#1275=PLANE('',#1274);
#1276=FACE_SURFACE('',(#1270),#1275,.T.);
#1277=CARTESIAN_POINT('',(36.536797,35.796537,56.250000));
#1278=CARTESIAN_POINT('',(30.033614,26.063836,56.250000));
#1279=CARTESIAN_POINT('',(57.750000,14.583333,56.250000));
#1280=POLY_LOOP('',(#1277,#1278,#1279));
#1281=FACE_OUTER_BOUND('',#1280,.T.);
#1282=CARTESIAN_POINT('',(41.440137,25.481235,56.250000));
#1283=DIRECTION('',(0.000000,0.000000,1.000000));
#1284=DIRECTION('',(0.000000,1.000000,0.000000));
#1285=AXIS2_PLACEMENT_3D('',#1282,#1283,#1284);
#1286=PLANE('',#1285);
#1287=FACE_SURFACE('',(#1281),#1286,.T.);
#1288=CARTESIAN_POINT('',(30.033614,26.063836,53.750000));
#1289=CARTESIAN_POINT('',(57.750000,14.583333,53.750000));
#1290=CARTESIAN_POINT('',(27.750000,14.583333,53.750000));
#1291=POLY_LOOP('',(#1288,#1289,#1290));
#1292=FACE_OUTER_BOUND('',#1291,.T.);
#1293=CARTESIAN_POINT('',(38.511205,18.410168,53.750000));
#1294=DIRECTION('',(-0.000000,-0.000000,-1.000000));
#1295=DIRECTION('',(0.000000,-1.000000,0.000000));
#1296=AXIS2_PLACEMENT_3D('',#1293,#1294,#1295);
#1297=PLANE('',#1296);
#1298=FACE_SURFACE('',(#1292),#1297,.T.);
#1299=CARTESIAN_POINT('',(30.033614,26.063836,53.750000));
#1300=CARTESIAN_POINT('',(27.750000,14.583333,53.750000));
#1301=CARTESIAN_POINT('',(30.033614,26.063836,56.250000));
#1302=POLY_LOOP('',(#1299,#1300,#1301));
#1303=FACE_OUTER_BOUND('',#1302,.T.);
#1304=CARTESIAN_POINT('',(29.272409,22.237002,54.583333));
#1305=DIRECTION('',(-0.980785,0.195090,0.000000));
#1306=DIRECTION('',(0.000000,0.000000,-1.000000));
#1307=AXIS2_PLACEMENT_3D('',#1304,#1305,#1306);
#1308=PLANE('',#1307);
#1309=FACE_SURFACE('',(#1303),#1308,.T.);
#1310=CARTESIAN_POINT('',(30.033614,26.063836,56.250000));
#1311=CARTESIAN_POINT('',(27.750000,14.583333,53.750000));
#1312=CARTESIAN_POINT('',(27.750000,14.583333,56.250000));
#1313=POLY_LOOP('',(#1310,#1311,#1312));
#1314=FACE_OUTER_BOUND('',#1313,.T.);
#1315=CARTESIAN_POINT('',(28.511205,18.410168,55.416667));
#1316=DIRECTION('',(-0.980785,0.195090,0.000000));
#1317=DIRECTION('',(0.000000,0.000000,-1.000000));
#1318=AXIS2_PLACEMENT_3D('',#1315,#1316,#1317);
#1319=PLANE('',#1318);
#1320=FACE_SURFACE('',(#1314),#1319,.T.);
#1321=CARTESIAN_POINT('',(30.033614,26.063836,56.250000));
#1322=CARTESIAN_POINT('',(27.750000,14.583333,56.250000));
#1323=CARTESIAN_POINT('',(57.750000,14.583333,56.250000));
#1324=POLY_LOOP('',(#1321,#1322,#1323));
#1325=FACE_OUTER_BOUND('',#1324,.T.);
#1326=CARTESIAN_POINT('',(38.511205,18.410168,56.250000));
#1327=DIRECTION('',(0.000000,0.000000,1.000000));
#1328=DIRECTION('',(0.000000,1.000000,0.000000));
#1329=AXIS2_PLACEMENT_3D('',#1326,#1327,#1328);
#1330=PLANE('',#1329);
#1331=FACE_SURFACE('',(#1325),#1330,.T.);
#1332=CARTESIAN_POINT('',(27.750000,14.583333,53.750000));
#1333=CARTESIAN_POINT('',(57.750000,14.583333,53.750000));
#1334=CARTESIAN_POINT('',(30.033614,3.102830,53.750000));
#1335=POLY_LOOP('',(#1332,#1333,#1334));
#1336=FACE_OUTER_BOUND('',#1335,.T.);
#1337=CARTESIAN_POINT('',(38.511205,10.756499,53.750000));
#1338=DIRECTION('',(0.000000,-0.000000,-1.000000));
#1339=DIRECTION('',(0.000000,-1.000000,0.000000));
#1340=AXIS2_PLACEMENT_3D('',#1337,#1338,#1339);
#1341=PLANE('',#1340);
#1342=FACE_SURFACE('',(#1336),#1341,.T.);
#1343=CARTESIAN_POINT('',(27.750000,14.583333,53.750000));
#1344=CARTESIAN_POINT('',(30.033614,3.102830,53.750000));
#1345=CARTESIAN_POINT('',(27.750000,14.583333,56.250000));
#1346=POLY_LOOP('',(#1343,#1344,#1345));
#1347=FACE_OUTER_BOUND('',#1346,.T.);
#1348=CARTESIAN_POINT('',(28.511205,10.756499,54.583333));
#1349=DIRECTION('',(-0.980785,-0.195090,0.000000));
#1350=DIRECTION('',(-0.000000,0.000000,-1.000000));
#1351=AXIS2_PLACEMENT_3D('',#1348,#1349,#1350);
#1352=PLANE('',#1351);
#1353=FACE_SURFACE('',(#1347),#1352,.T.);
#1354=CARTESIAN_POINT('',(27.750000,14.583333,56.250000));
#1355=CARTESIAN_POINT('',(30.033614,3.102830,53.750000));
#1356=CARTESIAN_POINT('',(30.033614,3.102830,56.250000));
#1357=POLY_LOOP('',(#1354,#1355,#1356));
#1358=FACE_OUTER_BOUND('',#1357,.T.);
#1359=CARTESIAN_POINT('',(29.272409,6.929665,55.416667));
#1360=DIRECTION('',(-0.980785,-0.195090,0.000000));
#1361=DIRECTION('',(-0.000000,0.000000,-1.000000));
#1362=AXIS2_PLACEMENT_3D('',#1359,#1360,#1361);
#1363=PLANE('',#1362);
#1364=FACE_SURFACE('',(#1358),#1363,.T.);
#1365=CARTESIAN_POINT('',(27.750000,14.583333,56.250000));
#1366=CARTESIAN_POINT('',(30.033614,3.102830,56.250000));
#1367=CARTESIAN_POINT('',(57.750000,14.583333,56.250000));
#1368=POLY_LOOP('',(#1365,#1366,#1367));
#1369=FACE_OUTER_BOUND('',#1368,.T.);
#1370=CARTESIAN_POINT('',(38.511205,10.756499,56.250000));
#1371=DIRECTION('',(-0.000000,0.000000,1.000000));
#1372=DIRECTION('',(0.000000,1.000000,-0.000000));
#1373=AXIS2_PLACEMENT_3D('',#1370,#1371,#1372);
#1374=PLANE('',#1373);
#1375=FACE_SURFACE('',(#1369),#1374,.T.);
#1376=CARTESIAN_POINT('',(30.033614,3.102830,53.750000));
#1377=CARTESIAN_POINT('',(57.750000,14.583333,53.750000));
#1378=CARTESIAN_POINT('',(36.536797,-6.629870,53.750000));
#1379=POLY_LOOP('',(#1376,#1377,#1378));
#1380=FACE_OUTER_BOUND('',#1379,.T.);
#1381=CARTESIAN_POINT('',(41.440137,3.685431,53.750000));
#1382=DIRECTION('',(0.000000,-0.000000,-1.000000));
#1383=DIRECTION('',(0.000000,-1.000000,0.000000));
#1384=AXIS2_PLACEMENT_3D('',#1381,#1382,#1383);
#1385=PLANE('',#1384);
#1386=FACE_SURFACE('',(#1380),#1385,.T.);
#1387=CARTESIAN_POINT('',(30.033614,3.102830,53.750000));
#1388=CARTESIAN_POINT('',(36.536797,-6.629870,53.750000));
#1389=CARTESIAN_POINT('',(30.033614,3.102830,56.250000));
#1390=POLY_LOOP('',(#1387,#1388,#1389));
#1391=FACE_OUTER_BOUND('',#1390,.T.);
#1392=CARTESIAN_POINT('',(32.201342,-0.141403,54.583333));
#1393=DIRECTION('',(-0.831470,-0.555570,0.000000));
#1394=DIRECTION('',(-0.000000,0.000000,1.000000));
#1395=AXIS2_PLACEMENT_3D('',#1392,#1393,#1394);
#1396=PLANE('',#1395);
#1397=FACE_SURFACE('',(#1391),#1396,.T.);
#1398=CARTESIAN_POINT('',(30.033614,3.102830,56.250000));
#1399=CARTESIAN_POINT('',(36.536797,-6.629870,53.750000));
#1400=CARTESIAN_POINT('',(36.536797,-6.629870,56.250000));
#1401=POLY_LOOP('',(#1398,#1399,#1400));
#1402=FACE_OUTER_BOUND('',#1401,.T.);
#1403=CARTESIAN_POINT('',(34.369069,-3.385637,55.416667));
#1404=DIRECTION('',(-0.831470,-0.555570,0.000000));
#1405=DIRECTION('',(-0.000000,0.000000,1.000000));
#1406=AXIS2_PLACEMENT_3D('',#1403,#1404,#1405);
#1407=PLANE('',#1406);
#1408=FACE_SURFACE('',(#1402),#1407,.T.);
#1409=CARTESIAN_POINT('',(30.033614,3.102830,56.250000));
#1410=CARTESIAN_POINT('',(36.536797,-6.629870,56.250000));
#1411=CARTESIAN_POINT('',(57.750000,14.583333,56.250000));
#1412=POLY_LOOP('',(#1409,#1410,#1411));
#1413=FACE_OUTER_BOUND('',#1412,.T.);
#1414=CARTESIAN_POINT('',(41.440137,3.685431,56.250000));
#1415=DIRECTION('',(-0.000000,0.000000,1.000000));
#1416=DIRECTION('',(0.000000,1.000000,-0.000000));
#1417=AXIS2_PLACEMENT_3D('',#1414,#1415,#1416);
#1418=PLANE('',#1417);
#1419=FACE_SURFACE('',(#1413),#1418,.T.);
#1420=CARTESIAN_POINT('',(36.536797,-6.629870,53.750000));
#1421=CARTESIAN_POINT('',(57.750000,14.583333,53.750000));
#1422=CARTESIAN_POINT('',(46.269497,-13.133053,53.750000));
#1423=POLY_LOOP('',(#1420,#1421,#1422));
#1424=FACE_OUTER_BOUND('',#1423,.T.);
#1425=CARTESIAN_POINT('',(46.852098,-1.726530,53.750000));
#1426=DIRECTION('',(0.000000,-0.000000,-1.000000));
#1427=DIRECTION('',(0.000000,-1.000000,0.000000));
#1428=AXIS2_PLACEMENT_3D('',#1425,#1426,#1427);
#1429=PLANE('',#1428);
#1430=FACE_SURFACE('',(#1424),#1429,.T.);
#1431=CARTESIAN_POINT('',(36.536797,-6.629870,53.750000));
#1432=CARTESIAN_POINT('',(46.269497,-13.133053,53.750000));
#1433=CARTESIAN_POINT('',(36.536797,-6.629870,56.250000));
#1434=POLY_LOOP('',(#1431,#1432,#1433));
#1435=FACE_OUTER_BOUND('',#1434,.T.);
#1436=CARTESIAN_POINT('',(39.781030,-8.797598,54.583333));
#1437=DIRECTION('',(-0.555570,-0.831470,0.000000));
#1438=DIRECTION('',(-0.000000,0.000000,1.000000));
#1439=AXIS2_PLACEMENT_3D('',#1436,#1437,#1438);
#1440=PLANE('',#1439);
#1441=FACE_SURFACE('',(#1435),#1440,.T.);
#1442=CARTESIAN_POINT('',(36.536797,-6.629870,56.250000));
#1443=CARTESIAN_POINT('',(46.269497,-13.133053,53.750000));
#1444=CARTESIAN_POINT('',(46.269497,-13.133053,56.250000));
#1445=POLY_LOOP('',(#1442,#1443,#1444));
#1446=FACE_OUTER_BOUND('',#1445,.T.);
#1447=CARTESIAN_POINT('',(43.025264,-10.965325,55.416667));
#1448=DIRECTION('',(-0.555570,-0.831470,0.000000));
#1449=DIRECTION('',(-0.000000,0.000000,1.000000));
#1450=AXIS2_PLACEMENT_3D('',#1447,#1448,#1449);
#1451=PLANE('',#1450);
#1452=FACE_SURFACE('',(#1446),#1451,.T.);
#1453=CARTESIAN_POINT('',(36.536797,-6.629870,56.250000));
#1454=CARTESIAN_POINT('',(46.269497,-13.133053,56.250000));
#1455=CARTESIAN_POINT('',(57.750000,14.583333,56.250000));
#1456=POLY_LOOP('',(#1453,#1454,#1455));
#1457=FACE_OUTER_BOUND('',#1456,.T.);
#1458=CARTESIAN_POINT('',(46.852098,-1.726530,56.250000));
#1459=DIRECTION('',(-0.000000,0.000000,1.000000));
#1460=DIRECTION('',(0.000000,1.000000,-0.000000));
#1461=AXIS2_PLACEMENT_3D('',#1458,#1459,#1460);
#1462=PLANE('',#1461);
#1463=FACE_SURFACE('',(#1457),#1462,.T.);
#1464=CARTESIAN_POINT('',(46.269497,-13.133053,53.750000));
#1465=CARTESIAN_POINT('',(57.750000,14.583333,53.750000));
#1466=CARTESIAN_POINT('',(57.750000,-15.416667,53.750000));
#1467=POLY_LOOP('',(#1464,#1465,#1466));
#1468=FACE_OUTER_BOUND('',#1467,.T.);
#1469=CARTESIAN_POINT('',(53.923166,-4.655462,53.750000));
#1470=DIRECTION('',(0.000000,-0.000000,-1.000000));
#1471=DIRECTION('',(0.000000,-1.000000,0.000000));
#1472=AXIS2_PLACEMENT_3D('',#1469,#1470,#1471);
#1473=PLANE('',#1472);
#1474=FACE_SURFACE('',(#1468),#1473,.T.);
#1475=CARTESIAN_POINT('',(46.269497,-13.133053,53.750000));
#1476=CARTESIAN_POINT('',(57.750000,-15.416667,53.750000));
#1477=CARTESIAN_POINT('',(46.269497,-13.133053,56.250000));
#1478=POLY_LOOP('',(#1475,#1476,#1477));
#1479=FACE_OUTER_BOUND('',#1478,.T.);
#1480=CARTESIAN_POINT('',(50.096331,-13.894257,54.583333));
#1481=DIRECTION('',(-0.195090,-0.980785,0.000000));
#1482=DIRECTION('',(-0.000000,0.000000,1.000000));
#1483=AXIS2_PLACEMENT_3D('',#1480,#1481,#1482);
#1484=PLANE('',#1483);
#1485=FACE_SURFACE('',(#1479),#1484,.T.);
#1486=CARTESIAN_POINT('',(46.269497,-13.133053,56.250000));
#1487=CARTESIAN_POINT('',(57.750000,-15.416667,53.750000));
#1488=CARTESIAN_POINT('',(57.750000,-15.416667,56.250000));
#1489=POLY_LOOP('',(#1486,#1487,#1488));
#1490=FACE_OUTER_BOUND('',#1489,.T.);
#1491=CARTESIAN_POINT('',(53.923166,-14.655462,55.416667));
#1492=DIRECTION('',(-0.195090,-0.980785,0.000000));
#1493=DIRECTION('',(-0.000000,0.000000,1.000000));
#1494=AXIS2_PLACEMENT_3D('',#1491,#1492,#1493);
#1495=PLANE('',#1494);
#1496=FACE_SURFACE('',(#1490),#1495,.T.);
#1497=CARTESIAN_POINT('',(46.269497,-13.133053,56.250000));
#1498=CARTESIAN_POINT('',(57.750000,-15.416667,56.250000));
#1499=CARTESIAN_POINT('',(57.750000,14.583333,56.250000));
#1500=POLY_LOOP('',(#1497,#1498,#1499));
#1501=FACE_OUTER_BOUND('',#1500,.T.);
#1502=CARTESIAN_POINT('',(53.923166,-4.655462,56.250000));
#1503=DIRECTION('',(-0.000000,0.000000,1.000000));
#1504=DIRECTION('',(0.000000,1.000000,-0.000000));
#1505=AXIS2_PLACEMENT_3D('',#1502,#1503,#1504);
#1506=PLANE('',#1505);
#1507=FACE_SURFACE('',(#1501),#1506,.T.);
#1508=CARTESIAN_POINT('',(57.750000,-15.416667,53.750000));
#1509=CARTESIAN_POINT('',(57.750000,14.583333,53.750000));
#1510=CARTESIAN_POINT('',(69.230503,-13.133053,53.750000));
#1511=POLY_LOOP('',(#1508,#1509,#1510));
#1512=FACE_OUTER_BOUND('',#1511,.T.);
#1513=CARTESIAN_POINT('',(61.576834,-4.655462,53.750000));
#1514=DIRECTION('',(0.000000,0.000000,-1.000000));
#1515=DIRECTION('',(0.000000,-1.000000,0.000000));
#1516=AXIS2_PLACEMENT_3D('',#1513,#1514,#1515);
#1517=PLANE('',#1516);
#1518=FACE_SURFACE('',(#1512),#1517,.T.);
#1519=CARTESIAN_POINT('',(57.750000,-15.416667,53.750000));
#1520=CARTESIAN_POINT('',(69.230503,-13.133053,53.750000));
#1521=CARTESIAN_POINT('',(57.750000,-15.416667,56.250000));
#1522=POLY_LOOP('',(#1519,#1520,#1521));
#1523=FACE_OUTER_BOUND('',#1522,.T.);
#1524=CARTESIAN_POINT('',(61.576834,-14.655462,54.583333));
#1525=DIRECTION('',(0.195090,-0.980785,0.000000));
#1526=DIRECTION('',(-0.000000,0.000000,1.000000));
#1527=AXIS2_PLACEMENT_3D('',#1524,#1525,#1526);
#1528=PLANE('',#1527);
#1529=FACE_SURFACE('',(#1523),#1528,.T.);
#1530=CARTESIAN_POINT('',(57.750000,-15.416667,56.250000));
#1531=CARTESIAN_POINT('',(69.230503,-13.133053,53.750000));
#1532=CARTESIAN_POINT('',(69.230503,-13.133053,56.250000));
#1533=POLY_LOOP('',(#1530,#1531,#1532));
#1534=FACE_OUTER_BOUND('',#1533,.T.);
#1535=CARTESIAN_POINT('',(65.403669,-13.894257,55.416667));
#1536=DIRECTION('',(0.195090,-0.980785,0.000000));
#1537=DIRECTION('',(-0.000000,0.000000,1.000000));
#1538=AXIS2_PLACEMENT_3D('',#1535,#1536,#1537);
#1539=PLANE('',#1538);
#1540=FACE_SURFACE('',(#1534),#1539,.T.);
#1541=CARTESIAN_POINT('',(57.750000,-15.416667,56.250000));
#1542=CARTESIAN_POINT('',(69.230503,-13.133053,56.250000));
#1543=CARTESIAN_POINT('',(57.750000,14.583333,56.250000));
#1544=POLY_LOOP('',(#1541,#1542,#1543));
#1545=FACE_OUTER_BOUND('',#1544,.T.);
#1546=CARTESIAN_POINT('',(61.576834,-4.655462,56.250000));
#1547=DIRECTION('',(0.000000,-0.000000,1.000000));
#1548=DIRECTION('',(-0.000000,1.000000,0.000000));
#1549=AXIS2_PLACEMENT_3D('',#1546,#1547,#1548);
#1550=PLANE('',#1549);
#1551=FACE_SURFACE('',(#1545),#1550,.T.);
#1552=CARTESIAN_POINT('',(69.230503,-13.133053,53.750000));
#1553=CARTESIAN_POINT('',(57.750000,14.583333,53.750000));
#1554=CARTESIAN_POINT('',(78.963203,-6.629870,53.750000));
#1555=POLY_LOOP('',(#1552,#1553,#1554));
#1556=FACE_OUTER_BOUND('',#1555,.T.);
#1557=CARTESIAN_POINT('',(68.647902,-1.726530,53.750000));
#1558=DIRECTION('',(0.000000,0.000000,-1.000000));
#1559=DIRECTION('',(0.000000,-1.000000,0.000000));
#1560=AXIS2_PLACEMENT_3D('',#1557,#1558,#1559);
#1561=PLANE('',#1560);
#1562=FACE_SURFACE('',(#1556),#1561,.T.);
#1563=CARTESIAN_POINT('',(69.230503,-13.133053,53.750000));
#1564=CARTESIAN_POINT('',(78.963203,-6.629870,53.750000));
#1565=CARTESIAN_POINT('',(69.230503,-13.133053,56.250000));
#1566=POLY_LOOP('',(#1563,#1564,#1565));
#1567=FACE_OUTER_BOUND('',#1566,.T.);
#1568=CARTESIAN_POINT('',(72.474736,-10.965325,54.583333));
#1569=DIRECTION('',(0.555570,-0.831470,0.000000));
#1570=DIRECTION('',(-0.000000,0.000000,1.000000));
#1571=AXIS2_PLACEMENT_3D('',#1568,#1569,#1570);
#1572=PLANE('',#1571);
#1573=FACE_SURFACE('',(#1567),#1572,.T.);
#1574=CARTESIAN_POINT('',(69.230503,-13.133053,56.250000));
#1575=CARTESIAN_POINT('',(78.963203,-6.629870,53.750000));
#1576=CARTESIAN_POINT('',(78.963203,-6.629870,56.250000));
#1577=POLY_LOOP('',(#1574,#1575,#1576));
#1578=FACE_OUTER_BOUND('',#1577,.T.);
#1579=CARTESIAN_POINT('',(75.718970,-8.797598,55.416667));
#1580=DIRECTION('',(0.555570,-0.831470,0.000000));
#1581=DIRECTION('',(-0.000000,0.000000,1.000000));
#1582=AXIS2_PLACEMENT_3D('',#1579,#1580,#1581);
#1583=PLANE('',#1582);
#1584=FACE_SURFACE('',(#1578),#1583,.T.);
#1585=CARTESIAN_POINT('',(69.230503,-13.133053,56.250000));
#1586=CARTESIAN_POINT('',(78.963203,-6.629870,56.250000));
#1587=CARTESIAN_POINT('',(57.750000,14.583333,56.250000));
#1588=POLY_LOOP('',(#1585,#1586,#1587));
#1589=FACE_OUTER_BOUND('',#1588,.T.);
#1590=CARTESIAN_POINT('',(68.647902,-1.726530,56.250000));
#1591=DIRECTION('',(0.000000,-0.000000,1.000000));
#1592=DIRECTION('',(-0.000000,1.000000,0.000000));
#1593=AXIS2_PLACEMENT_3D('',#1590,#1591,#1592);
#1594=PLANE('',#1593);
#1595=FACE_SURFACE('',(#1589),#1594,.T.);
#1596=CARTESIAN_POINT('',(78.963203,-6.629870,53.750000));
#1597=CARTESIAN_POINT('',(57.750000,14.583333,53.750000));
#1598=CARTESIAN_POINT('',(85.466386,3.102830,53.750000));
#1599=POLY_LOOP('',(#1596,#1597,#1598));
#1600=FACE_OUTER_BOUND('',#1599,.T.);
#1601=CARTESIAN_POINT('',(74.059863,3.685431,53.750000));
#1602=DIRECTION('',(0.000000,0.000000,-1.000000));
#1603=DIRECTION('',(0.000000,-1.000000,0.000000));
#1604=AXIS2_PLACEMENT_3D('',#1601,#1602,#1603);
#1605=PLANE('',#1604);
#1606=FACE_SURFACE('',(#1600),#1605,.T.);
#1607=CARTESIAN_POINT('',(78.963203,-6.629870,53.750000));
#1608=CARTESIAN_POINT('',(85.466386,3.102830,53.750000));
#1609=CARTESIAN_POINT('',(78.963203,-6.629870,56.250000));
#1610=POLY_LOOP('',(#1607,#1608,#1609));
#1611=FACE_OUTER_BOUND('',#1610,.T.);
#1612=CARTESIAN_POINT('',(81.130931,-3.385637,54.583333));
#1613=DIRECTION('',(0.831470,-0.555570,0.000000));
#1614=DIRECTION('',(-0.000000,0.000000,1.000000));
#1615=AXIS2_PLACEMENT_3D('',#1612,#1613,#1614);
#1616=PLANE('',#1615);
#1617=FACE_SURFACE('',(#1611),#1616,.T.);
#1618=CARTESIAN_POINT('',(78.963203,-6.629870,56.250000));
#1619=CARTESIAN_POINT('',(85.466386,3.102830,53.750000));
#1620=CARTESIAN_POINT('',(85.466386,3.102830,56.250000));
#1621=POLY_LOOP('',(#1618,#1619,#1620));
#1622=FACE_OUTER_BOUND('',#1621,.T.);
#1623=CARTESIAN_POINT('',(83.298658,-0.141403,55.416667));
#1624=DIRECTION('',(0.831470,-0.555570,0.000000));
#1625=DIRECTION('',(-0.000000,0.000000,1.000000));
#1626=AXIS2_PLACEMENT_3D('',#1623,#1624,#1625);
#1627=PLANE('',#1626);
#1628=FACE_SURFACE('',(#1622),#1627,.T.);
#1629=CARTESIAN_POINT('',(78.963203,-6.629870,56.250000));
#1630=CARTESIAN_POINT('',(85.466386,3.102830,56.250000));
#1631=CARTESIAN_POINT('',(57.750000,14.583333,56.250000));
#1632=POLY_LOOP('',(#1629,#1630,#1631));
#1633=FACE_OUTER_BOUND('',#1632,.T.);
#1634=CARTESIAN_POINT('',(74.059863,3.685431,56.250000));
#1635=DIRECTION('',(0.000000,-0.000000,1.000000));
#1636=DIRECTION('',(-0.000000,1.000000,0.000000));
#1637=AXIS2_PLACEMENT_3D('',#1634,#1635,#1636);
#1638=PLANE('',#1637);
#1639=FACE_SURFACE('',(#1633),#1638,.T.);
#1640=CARTESIAN_POINT('',(85.466386,3.102830,53.750000));
#1641=CARTESIAN_POINT('',(57.750000,14.583333,53.750000));
#1642=CARTESIAN_POINT('',(87.750000,14.583333,53.750000));
#1643=POLY_LOOP('',(#1640,#1641,#1642));
#1644=FACE_OUTER_BOUND('',#1643,.T.);
#1645=CARTESIAN_POINT('',(76.988795,10.756499,53.750000));
#1646=DIRECTION('',(0.000000,0.000000,-1.000000));
#1647=DIRECTION('',(0.000000,-1.000000,0.000000));
#1648=AXIS2_PLACEMENT_3D('',#1645,#1646,#1647);
#1649=PLANE('',#1648);
#1650=FACE_SURFACE('',(#1644),#1649,.T.);
#1651=CARTESIAN_POINT('',(85.466386,3.102830,53.750000));
#1652=CARTESIAN_POINT('',(87.750000,14.583333,53.750000));
#1653=CARTESIAN_POINT('',(85.466386,3.102830,56.250000));
#1654=POLY_LOOP('',(#1651,#1652,#1653));
#1655=FACE_OUTER_BOUND('',#1654,.T.);
#1656=CARTESIAN_POINT('',(86.227591,6.929665,54.583333));
#1657=DIRECTION('',(0.980785,-0.195090,0.000000));
#1658=DIRECTION('',(-0.000000,0.000000,1.000000));
#1659=AXIS2_PLACEMENT_3D('',#1656,#1657,#1658);
#1660=PLANE('',#1659);
#1661=FACE_SURFACE('',(#1655),#1660,.T.);
#1662=CARTESIAN_POINT('',(85.466386,3.102830,56.250000));
#1663=CARTESIAN_POINT('',(87.750000,14.583333,53.750000));
#1664=CARTESIAN_POINT('',(87.750000,14.583333,56.250000));
#1665=POLY_LOOP('',(#1662,#1663,#1664));
#1666=FACE_OUTER_BOUND('',#1665,.T.);
#1667=CARTESIAN_POINT('',(86.988795,10.756499,55.416667));
#1668=DIRECTION('',(0.980785,-0.195090,0.000000));
#1669=DIRECTION('',(-0.000000,0.000000,1.000000));
#1670=AXIS2_PLACEMENT_3D('',#1667,#1668,#1669);
#1671=PLANE('',#1670);
#1672=FACE_SURFACE('',(#1666),#1671,.T.);
#1673=CARTESIAN_POINT('',(85.466386,3.102830,56.250000));
#1674=CARTESIAN_POINT('',(87.750000,14.583333,56.250000));
#1675=CARTESIAN_POINT('',(57.750000,14.583333,56.250000));
#1676=POLY_LOOP('',(#1673,#1674,#1675));
#1677=FACE_OUTER_BOUND('',#1676,.T.);
#1678=CARTESIAN_POINT('',(76.988795,10.756499,56.250000));
#1679=DIRECTION('',(0.000000,-0.000000,1.000000));
#1680=DIRECTION('',(-0.000000,1.000000,0.000000));
#1681=AXIS2_PLACEMENT_3D('',#1678,#1679,#1680);
#1682=PLANE('',#1681);
#1683=FACE_SURFACE('',(#1677),#1682,.T.);
#1684=CARTESIAN_POINT('',(60.000000,27.333333,216.535898));
#1685=CARTESIAN_POINT('',(35.000000,27.333333,216.535898));
#1686=CARTESIAN_POINT('',(58.096988,35.618673,221.319441));
#1687=POLY_LOOP('',(#1684,#1685,#1686));
#1688=FACE_OUTER_BOUND('',#1687,.T.);
#1689=CARTESIAN_POINT('',(51.032329,30.095113,218.130413));
#1690=DIRECTION('',(0.000000,0.500000,-0.866025));
#1691=DIRECTION('',(0.000000,-0.866025,-0.500000));
#1692=AXIS2_PLACEMENT_3D('',#1689,#1690,#1691);
#1693=PLANE('',#1692);
#1694=FACE_SURFACE('',(#1688),#1693,.T.);
#1695=CARTESIAN_POINT('',(60.000000,27.333333,216.535898));
#1696=CARTESIAN_POINT('',(58.096988,35.618673,221.319441));
#1697=CARTESIAN_POINT('',(60.000000,23.333333,223.464102));
#1698=POLY_LOOP('',(#1695,#1696,#1697));
#1699=FACE_OUTER_BOUND('',#1698,.T.);
#1700=CARTESIAN_POINT('',(59.365663,28.761780,220.439814));
#1701=DIRECTION('',(0.980785,0.168953,0.097545));
#1702=DIRECTION('',(-0.098968,0.000000,0.995091));
#1703=AXIS2_PLACEMENT_3D('',#1700,#1701,#1702);
#1704=PLANE('',#1703);
#1705=FACE_SURFACE('',(#1699),#1704,.T.);
#1706=CARTESIAN_POINT('',(60.000000,23.333333,223.464102));
#1707=CARTESIAN_POINT('',(58.096988,35.618673,221.319441));
#1708=CARTESIAN_POINT('',(58.096988,31.618673,228.247645));
#1709=POLY_LOOP('',(#1706,#1707,#1708));
#1710=FACE_OUTER_BOUND('',#1709,.T.);
#1711=CARTESIAN_POINT('',(58.731326,30.190226,224.343729));
#1712=DIRECTION('',(0.980785,0.168953,0.097545));
#1713=DIRECTION('',(-0.098968,0.000000,0.995091));
#1714=AXIS2_PLACEMENT_3D('',#1711,#1712,#1713);
#1715=PLANE('',#1714);
#1716=FACE_SURFACE('',(#1710),#1715,.T.);
#1717=CARTESIAN_POINT('',(60.000000,23.333333,223.464102));
#1718=CARTESIAN_POINT('',(58.096988,31.618673,228.247645));
#1719=CARTESIAN_POINT('',(35.000000,23.333333,223.464102));
#1720=POLY_LOOP('',(#1717,#1718,#1719));
#1721=FACE_OUTER_BOUND('',#1720,.T.);
#1722=CARTESIAN_POINT('',(51.032329,26.095113,225.058616));
#1723=DIRECTION('',(0.000000,-0.500000,0.866025));
#1724=DIRECTION('',(-0.000000,0.866025,0.500000));
#1725=AXIS2_PLACEMENT_3D('',#1722,#1723,#1724);
#1726=PLANE('',#1725);
#1727=FACE_SURFACE('',(#1721),#1726,.T.);
#1728=CARTESIAN_POINT('',(58.096988,35.618673,221.319441));
#1729=CARTESIAN_POINT('',(35.000000,27.333333,216.535898));
#1730=CARTESIAN_POINT('',(52.677670,42.642644,225.374733));
#1731=POLY_LOOP('',(#1728,#1729,#1730));
#1732=FACE_OUTER_BOUND('',#1731,.T.);
#1733=CARTESIAN_POINT('',(48.591553,35.198217,221.076691));
#1734=DIRECTION('',(0.000000,0.500000,-0.866025));
#1735=DIRECTION('',(0.000000,-0.866025,-0.500000));
#1736=AXIS2_PLACEMENT_3D('',#1733,#1734,#1735);
#1737=PLANE('',#1736);
#1738=FACE_SURFACE('',(#1732),#1737,.T.);
#1739=CARTESIAN_POINT('',(58.096988,35.618673,221.319441));
#1740=CARTESIAN_POINT('',(52.677670,42.642644,225.374733));
#1741=CARTESIAN_POINT('',(58.096988,31.618673,228.247645));
#1742=POLY_LOOP('',(#1739,#1740,#1741));
#1743=FACE_OUTER_BOUND('',#1742,.T.);
#1744=CARTESIAN_POINT('',(56.290549,36.626663,224.980606));
#1745=DIRECTION('',(0.831470,0.481138,0.277785));
#1746=DIRECTION('',(0.000000,0.500000,-0.866025));
#1747=AXIS2_PLACEMENT_3D('',#1744,#1745,#1746);
#1748=PLANE('',#1747);
#1749=FACE_SURFACE('',(#1743),#1748,.T.);
#1750=CARTESIAN_POINT('',(58.096988,31.618673,228.247645));
#1751=CARTESIAN_POINT('',(52.677670,42.642644,225.374733));
#1752=CARTESIAN_POINT('',(52.677670,38.642644,232.302936));
#1753=POLY_LOOP('',(#1750,#1751,#1752));
#1754=FACE_OUTER_BOUND('',#1753,.T.);
#1755=CARTESIAN_POINT('',(54.484109,37.634654,228.641771));
#1756=DIRECTION('',(0.831470,0.481138,0.277785));
#1757=DIRECTION('',(0.000000,0.500000,-0.866025));
#1758=AXIS2_PLACEMENT_3D('',#1755,#1756,#1757);
#1759=PLANE('',#1758);
#1760=FACE_SURFACE('',(#1754),#1759,.T.);
#1761=CARTESIAN_POINT('',(58.096988,31.618673,228.247645));
#1762=CARTESIAN_POINT('',(52.677670,38.642644,232.302936));
#1763=CARTESIAN_POINT('',(35.000000,23.333333,223.464102));
#1764=POLY_LOOP('',(#1761,#1762,#1763));
#1765=FACE_OUTER_BOUND('',#1764,.T.);
#1766=CARTESIAN_POINT('',(48.591553,31.198217,228.004894));
#1767=DIRECTION('',(0.000000,-0.500000,0.866025));
#1768=DIRECTION('',(-0.000000,0.866025,0.500000));
#1769=AXIS2_PLACEMENT_3D('',#1766,#1767,#1768);
#1770=PLANE('',#1769);
#1771=FACE_SURFACE('',(#1765),#1770,.T.);
#1772=CARTESIAN_POINT('',(52.677670,42.642644,225.374733));
#1773=CARTESIAN_POINT('',(35.000000,27.333333,216.535898));
#1774=CARTESIAN_POINT('',(44.567086,47.335912,228.084393));
#1775=POLY_LOOP('',(#1772,#1773,#1774));
#1776=FACE_OUTER_BOUND('',#1775,.T.);
#1777=CARTESIAN_POINT('',(44.081585,39.103963,223.331675));
#1778=DIRECTION('',(0.000000,0.500000,-0.866025));
#1779=DIRECTION('',(0.000000,-0.866025,-0.500000));
#1780=AXIS2_PLACEMENT_3D('',#1777,#1778,#1779);
#1781=PLANE('',#1780);
#1782=FACE_SURFACE('',(#1776),#1781,.T.);
#1783=CARTESIAN_POINT('',(52.677670,42.642644,225.374733));
#1784=CARTESIAN_POINT('',(44.567086,47.335912,228.084393));
#1785=CARTESIAN_POINT('',(52.677670,38.642644,232.302936));
#1786=POLY_LOOP('',(#1783,#1784,#1785));
#1787=FACE_OUTER_BOUND('',#1786,.T.);
#1788=CARTESIAN_POINT('',(49.974142,42.873733,228.587354));
#1789=DIRECTION('',(0.555570,0.720074,0.415735));
#1790=DIRECTION('',(0.000000,0.500000,-0.866025));
#1791=AXIS2_PLACEMENT_3D('',#1788,#1789,#1790);
#1792=PLANE('',#1791);
#1793=FACE_SURFACE('',(#1787),#1792,.T.);
#1794=CARTESIAN_POINT('',(52.677670,38.642644,232.302936));
#1795=CARTESIAN_POINT('',(44.567086,47.335912,228.084393));
#1796=CARTESIAN_POINT('',(44.567086,43.335912,235.012596));
#1797=POLY_LOOP('',(#1794,#1795,#1796));
#1798=FACE_OUTER_BOUND('',#1797,.T.);
#1799=CARTESIAN_POINT('',(47.270614,43.104823,231.799975));
#1800=DIRECTION('',(0.555570,0.720074,0.415735));
#1801=DIRECTION('',(0.000000,0.500000,-0.866025));
#1802=AXIS2_PLACEMENT_3D('',#1799,#1800,#1801);
#1803=PLANE('',#1802);
#1804=FACE_SURFACE('',(#1798),#1803,.T.);
#1805=CARTESIAN_POINT('',(52.677670,38.642644,232.302936));
#1806=CARTESIAN_POINT('',(44.567086,43.335912,235.012596));
#1807=CARTESIAN_POINT('',(35.000000,23.333333,223.464102));
#1808=POLY_LOOP('',(#1805,#1806,#1807));
#1809=FACE_OUTER_BOUND('',#1808,.T.);
#1810=CARTESIAN_POINT('',(44.081585,35.103963,230.259878));
#1811=DIRECTION('',(0.000000,-0.500000,0.866025));
#1812=DIRECTION('',(-0.000000,0.866025,0.500000));
#1813=AXIS2_PLACEMENT_3D('',#1810,#1811,#1812);
#1814=PLANE('',#1813);
#1815=FACE_SURFACE('',(#1809),#1814,.T.);
#1816=CARTESIAN_POINT('',(44.567086,47.335912,228.084393));
#1817=CARTESIAN_POINT('',(35.000000,27.333333,216.535898));
#1818=CARTESIAN_POINT('',(35.000000,48.983968,229.035898));
#1819=POLY_LOOP('',(#1816,#1817,#1818));
#1820=FACE_OUTER_BOUND('',#1819,.T.);
#1821=CARTESIAN_POINT('',(38.189029,41.217738,224.552063));
#1822=DIRECTION('',(0.000000,0.500000,-0.866025));
#1823=DIRECTION('',(0.000000,-0.866025,-0.500000));
#1824=AXIS2_PLACEMENT_3D('',#1821,#1822,#1823);
#1825=PLANE('',#1824);
#1826=FACE_SURFACE('',(#1820),#1825,.T.);
#1827=CARTESIAN_POINT('',(44.567086,47.335912,228.084393));
#1828=CARTESIAN_POINT('',(35.000000,48.983968,229.035898));
#1829=CARTESIAN_POINT('',(44.567086,43.335912,235.012596));
#1830=POLY_LOOP('',(#1827,#1828,#1829));
#1831=FACE_OUTER_BOUND('',#1830,.T.);
#1832=CARTESIAN_POINT('',(41.378057,46.551931,230.710962));
#1833=DIRECTION('',(0.195090,0.849385,0.490393));
#1834=DIRECTION('',(0.000000,0.500000,-0.866025));
#1835=AXIS2_PLACEMENT_3D('',#1832,#1833,#1834);
#1836=PLANE('',#1835);
#1837=FACE_SURFACE('',(#1831),#1836,.T.);
#1838=CARTESIAN_POINT('',(44.567086,43.335912,235.012596));
#1839=CARTESIAN_POINT('',(35.000000,48.983968,229.035898));
#1840=CARTESIAN_POINT('',(35.000000,44.983968,235.964102));
#1841=POLY_LOOP('',(#1838,#1839,#1840));
#1842=FACE_OUTER_BOUND('',#1841,.T.);
#1843=CARTESIAN_POINT('',(38.189029,45.767950,233.337532));
#1844=DIRECTION('',(0.195090,0.849385,0.490393));
#1845=DIRECTION('',(0.000000,0.500000,-0.866025));
#1846=AXIS2_PLACEMENT_3D('',#1843,#1844,#1845);
#1847=PLANE('',#1846);
#1848=FACE_SURFACE('',(#1842),#1847,.T.);
#1849=CARTESIAN_POINT('',(44.567086,43.335912,235.012596));
#1850=CARTESIAN_POINT('',(35.000000,44.983968,235.964102));
#1851=CARTESIAN_POINT('',(35.000000,23.333333,223.464102));
#1852=POLY_LOOP('',(#1849,#1850,#1851));
#1853=FACE_OUTER_BOUND('',#1852,.T.);
#1854=CARTESIAN_POINT('',(38.189029,37.217738,231.480266));
#1855=DIRECTION('',(-0.000000,-0.500000,0.866025));
#1856=DIRECTION('',(-0.000000,0.866025,0.500000));
#1857=AXIS2_PLACEMENT_3D('',#1854,#1855,#1856);
#1858=PLANE('',#1857);
#1859=FACE_SURFACE('',(#1853),#1858,.T.);
#1860=CARTESIAN_POINT('',(35.000000,48.983968,229.035898));
#1861=CARTESIAN_POINT('',(35.000000,27.333333,216.535898));
#1862=CARTESIAN_POINT('',(25.432914,47.335912,228.084393));
#1863=POLY_LOOP('',(#1860,#1861,#1862));
#1864=FACE_OUTER_BOUND('',#1863,.T.);
#1865=CARTESIAN_POINT('',(31.810971,41.217738,224.552063));
#1866=DIRECTION('',(-0.000000,0.500000,-0.866025));
#1867=DIRECTION('',(0.000000,-0.866025,-0.500000));
#1868=AXIS2_PLACEMENT_3D('',#1865,#1866,#1867);
#1869=PLANE('',#1868);
#1870=FACE_SURFACE('',(#1864),#1869,.T.);
#1871=CARTESIAN_POINT('',(35.000000,48.983968,229.035898));
#1872=CARTESIAN_POINT('',(25.432914,47.335912,228.084393));
#1873=CARTESIAN_POINT('',(35.000000,44.983968,235.964102));
#1874=POLY_LOOP('',(#1871,#1872,#1873));
#1875=FACE_OUTER_BOUND('',#1874,.T.);
#1876=CARTESIAN_POINT('',(31.810971,47.101283,231.028131));
#1877=DIRECTION('',(-0.195090,0.849385,0.490393));
#1878=DIRECTION('',(0.000000,0.500000,-0.866025));
#1879=AXIS2_PLACEMENT_3D('',#1876,#1877,#1878);
#1880=PLANE('',#1879);
#1881=FACE_SURFACE('',(#1875),#1880,.T.);
#1882=CARTESIAN_POINT('',(35.000000,44.983968,235.964102));
#1883=CARTESIAN_POINT('',(25.432914,47.335912,228.084393));
#1884=CARTESIAN_POINT('',(25.432914,43.335912,235.012596));
#1885=POLY_LOOP('',(#1882,#1883,#1884));
#1886=FACE_OUTER_BOUND('',#1885,.T.);
#1887=CARTESIAN_POINT('',(28.621943,45.218597,233.020363));
#1888=DIRECTION('',(-0.195090,0.849385,0.490393));
#1889=DIRECTION('',(0.000000,0.500000,-0.866025));
#1890=AXIS2_PLACEMENT_3D('',#1887,#1888,#1889);
#1891=PLANE('',#1890);
#1892=FACE_SURFACE('',(#1886),#1891,.T.);
#1893=CARTESIAN_POINT('',(35.000000,44.983968,235.964102));
#1894=CARTESIAN_POINT('',(25.432914,43.335912,235.012596));
#1895=CARTESIAN_POINT('',(35.000000,23.333333,223.464102));
#1896=POLY_LOOP('',(#1893,#1894,#1895));
#1897=FACE_OUTER_BOUND('',#1896,.T.);
#1898=CARTESIAN_POINT('',(31.810971,37.217738,231.480266));
#1899=DIRECTION('',(0.000000,-0.500000,0.866025));
#1900=DIRECTION('',(-0.000000,0.866025,0.500000));
#1901=AXIS2_PLACEMENT_3D('',#1898,#1899,#1900);
#1902=PLANE('',#1901);
#1903=FACE_SURFACE('',(#1897),#1902,.T.);
#1904=CARTESIAN_POINT('',(25.432914,47.335912,228.084393));
#1905=CARTESIAN_POINT('',(35.000000,27.333333,216.535898));
#1906=CARTESIAN_POINT('',(17.322330,42.642644,225.374733));
#1907=POLY_LOOP('',(#1904,#1905,#1906));
#1908=FACE_OUTER_BOUND('',#1907,.T.);
#1909=CARTESIAN_POINT('',(25.918415,39.103963,223.331675));
#1910=DIRECTION('',(-0.000000,0.500000,-0.866025));
#1911=DIRECTION('',(0.000000,-0.866025,-0.500000));
#1912=AXIS2_PLACEMENT_3D('',#1909,#1910,#1911);
#1913=PLANE('',#1912);
#1914=FACE_SURFACE('',(#1908),#1913,.T.);
#1915=CARTESIAN_POINT('',(25.432914,47.335912,228.084393));
#1916=CARTESIAN_POINT('',(17.322330,42.642644,225.374733));
#1917=CARTESIAN_POINT('',(25.432914,43.335912,235.012596));
#1918=POLY_LOOP('',(#1915,#1916,#1917));
#1919=FACE_OUTER_BOUND('',#1918,.T.);
#1920=CARTESIAN_POINT('',(22.729386,44.438156,229.490574));
#1921=DIRECTION('',(-0.555570,0.720074,0.415735));
#1922=DIRECTION('',(0.000000,0.500000,-0.866025));
#1923=AXIS2_PLACEMENT_3D('',#1920,#1921,#1922);
#1924=PLANE('',#1923);
#1925=FACE_SURFACE('',(#1919),#1924,.T.);
#1926=CARTESIAN_POINT('',(25.432914,43.335912,235.012596));
#1927=CARTESIAN_POINT('',(17.322330,42.642644,225.374733));
#1928=CARTESIAN_POINT('',(17.322330,38.642644,232.302936));
#1929=POLY_LOOP('',(#1926,#1927,#1928));
#1930=FACE_OUTER_BOUND('',#1929,.T.);
#1931=CARTESIAN_POINT('',(20.025858,41.540400,230.896755));
#1932=DIRECTION('',(-0.555570,0.720074,0.415735));
#1933=DIRECTION('',(0.000000,0.500000,-0.866025));
#1934=AXIS2_PLACEMENT_3D('',#1931,#1932,#1933);
#1935=PLANE('',#1934);
#1936=FACE_SURFACE('',(#1930),#1935,.T.);
#1937=CARTESIAN_POINT('',(25.432914,43.335912,235.012596));
#1938=CARTESIAN_POINT('',(17.322330,38.642644,232.302936));
#1939=CARTESIAN_POINT('',(35.000000,23.333333,223.464102));
#1940=POLY_LOOP('',(#1937,#1938,#1939));
#1941=FACE_OUTER_BOUND('',#1940,.T.);
#1942=CARTESIAN_POINT('',(25.918415,35.103963,230.259878));
#1943=DIRECTION('',(-0.000000,-0.500000,0.866025));
#1944=DIRECTION('',(-0.000000,0.866025,0.500000));
#1945=AXIS2_PLACEMENT_3D('',#1942,#1943,#1944);
#1946=PLANE('',#1945);
#1947=FACE_SURFACE('',(#1941),#1946,.T.);
#1948=CARTESIAN_POINT('',(17.322330,42.642644,225.374733));
#1949=CARTESIAN_POINT('',(35.000000,27.333333,216.535898));
#1950=CARTESIAN_POINT('',(11.903012,35.618673,221.319441));
#1951=POLY_LOOP('',(#1948,#1949,#1950));
#1952=FACE_OUTER_BOUND('',#1951,.T.);
#1953=CARTESIAN_POINT('',(21.408447,35.198217,221.076691));
#1954=DIRECTION('',(-0.000000,0.500000,-0.866025));
#1955=DIRECTION('',(0.000000,-0.866025,-0.500000));
#1956=AXIS2_PLACEMENT_3D('',#1953,#1954,#1955);
#1957=PLANE('',#1956);
#1958=FACE_SURFACE('',(#1952),#1957,.T.);
#1959=CARTESIAN_POINT('',(17.322330,42.642644,225.374733));
#1960=CARTESIAN_POINT('',(11.903012,35.618673,221.319441));
#1961=CARTESIAN_POINT('',(17.322330,38.642644,232.302936));
#1962=POLY_LOOP('',(#1959,#1960,#1961));
#1963=FACE_OUTER_BOUND('',#1962,.T.);
#1964=CARTESIAN_POINT('',(15.515891,38.967987,226.332370));
#1965=DIRECTION('',(-0.831470,0.481138,0.277785));
#1966=DIRECTION('',(0.000000,0.500000,-0.866025));
#1967=AXIS2_PLACEMENT_3D('',#1964,#1965,#1966);
#1968=PLANE('',#1967);
#1969=FACE_SURFACE('',(#1963),#1968,.T.);
#1970=CARTESIAN_POINT('',(17.322330,38.642644,232.302936));
#1971=CARTESIAN_POINT('',(11.903012,35.618673,221.319441));
#1972=CARTESIAN_POINT('',(11.903012,31.618673,228.247645));
#1973=POLY_LOOP('',(#1970,#1971,#1972));
#1974=FACE_OUTER_BOUND('',#1973,.T.);
#1975=CARTESIAN_POINT('',(13.709451,35.293330,227.290007));
#1976=DIRECTION('',(-0.831470,0.481138,0.277785));
#1977=DIRECTION('',(0.000000,0.500000,-0.866025));
#1978=AXIS2_PLACEMENT_3D('',#1975,#1976,#1977);
#1979=PLANE('',#1978);
#1980=FACE_SURFACE('',(#1974),#1979,.T.);
#1981=CARTESIAN_POINT('',(17.322330,38.642644,232.302936));
#1982=CARTESIAN_POINT('',(11.903012,31.618673,228.247645));
#1983=CARTESIAN_POINT('',(35.000000,23.333333,223.464102));
#1984=POLY_LOOP('',(#1981,#1982,#1983));
#1985=FACE_OUTER_BOUND('',#1984,.T.);
#1986=CARTESIAN_POINT('',(21.408447,31.198217,228.004894));
#1987=DIRECTION('',(-0.000000,-0.500000,0.866025));
#1988=DIRECTION('',(-0.000000,0.866025,0.500000));
#1989=AXIS2_PLACEMENT_3D('',#1986,#1987,#1988);
#1990=PLANE('',#1989);
#1991=FACE_SURFACE('',(#1985),#1990,.T.);
#1992=CARTESIAN_POINT('',(11.903012,35.618673,221.319441));
#1993=CARTESIAN_POINT('',(35.000000,27.333333,216.535898));
#1994=CARTESIAN_POINT('',(10.000000,27.333333,216.535898));
#1995=POLY_LOOP('',(#1992,#1993,#1994));
#1996=FACE_OUTER_BOUND('',#1995,.T.);
#1997=CARTESIAN_POINT('',(18.967671,30.095113,218.130413));
#1998=DIRECTION('',(0.000000,0.500000,-0.866025));
#1999=DIRECTION('',(0.000000,-0.866025,-0.500000));
#2000=AXIS2_PLACEMENT_3D('',#1997,#1998,#1999);
#2001=PLANE('',#2000);
#2002=FACE_SURFACE('',(#1996),#2001,.T.);
#2003=CARTESIAN_POINT('',(11.903012,35.618673,221.319441));
#2004=CARTESIAN_POINT('',(10.000000,27.333333,216.535898));
#2005=CARTESIAN_POINT('',(11.903012,31.618673,228.247645));
#2006=POLY_LOOP('',(#2003,#2004,#2005));
#2007=FACE_OUTER_BOUND('',#2006,.T.);
#2008=CARTESIAN_POINT('',(11.268674,31.523560,222.034328));
#2009=DIRECTION('',(-0.980785,0.168953,0.097545));
#2010=DIRECTION('',(-0.098968,0.000000,-0.995091));
#2011=AXIS2_PLACEMENT_3D('',#2008,#2009,#2010);
#2012=PLANE('',#2011);
#2013=FACE_SURFACE('',(#2007),#2012,.T.);
#2014=CARTESIAN_POINT('',(11.903012,31.618673,228.247645));
#2015=CARTESIAN_POINT('',(10.000000,27.333333,216.535898));
#2016=CARTESIAN_POINT('',(10.000000,23.333333,223.464102));
#2017=POLY_LOOP('',(#2014,#2015,#2016));
#2018=FACE_OUTER_BOUND('',#2017,.T.);
#2019=CARTESIAN_POINT('',(10.634337,27.428446,222.749215));
#2020=DIRECTION('',(-0.980785,0.168953,0.097545));
#2021=DIRECTION('',(-0.098968,0.000000,-0.995091));
#2022=AXIS2_PLACEMENT_3D('',#2019,#2020,#2021);
#2023=PLANE('',#2022);
#2024=FACE_SURFACE('',(#2018),#2023,.T.);
#2025=CARTESIAN_POINT('',(11.903012,31.618673,228.247645));
#2026=CARTESIAN_POINT('',(10.000000,23.333333,223.464102));
#2027=CARTESIAN_POINT('',(35.000000,23.333333,223.464102));
#2028=POLY_LOOP('',(#2025,#2026,#2027));
#2029=FACE_OUTER_BOUND('',#2028,.T.);
#2030=CARTESIAN_POINT('',(18.967671,26.095113,225.058616));
#2031=DIRECTION('',(-0.000000,-0.500000,0.866025));
#2032=DIRECTION('',(-0.000000,0.866025,0.500000));
#2033=AXIS2_PLACEMENT_3D('',#2030,#2031,#2032);
#2034=PLANE('',#2033);
#2035=FACE_SURFACE('',(#2029),#2034,.T.);
#2036=CARTESIAN_POINT('',(10.000000,27.333333,216.535898));
#2037=CARTESIAN_POINT('',(35.000000,27.333333,216.535898));
#2038=CARTESIAN_POINT('',(11.903012,19.047994,211.752355));
#2039=POLY_LOOP('',(#2036,#2037,#2038));
#2040=FACE_OUTER_BOUND('',#2039,.T.);
#2041=CARTESIAN_POINT('',(18.967671,24.571554,214.941384));
#2042=DIRECTION('',(0.000000,0.500000,-0.866025));
#2043=DIRECTION('',(0.000000,-0.866025,-0.500000));
#2044=AXIS2_PLACEMENT_3D('',#2041,#2042,#2043);
#2045=PLANE('',#2044);
#2046=FACE_SURFACE('',(#2040),#2045,.T.);
#2047=CARTESIAN_POINT('',(10.000000,27.333333,216.535898));
#2048=CARTESIAN_POINT('',(11.903012,19.047994,211.752355));
#2049=CARTESIAN_POINT('',(10.000000,23.333333,223.464102));
#2050=POLY_LOOP('',(#2047,#2048,#2049));
#2051=FACE_OUTER_BOUND('',#2050,.T.);
#2052=CARTESIAN_POINT('',(10.634337,23.238220,217.250785));
#2053=DIRECTION('',(-0.980785,-0.168953,-0.097545));
#2054=DIRECTION('',(0.098968,0.000000,-0.995091));
#2055=AXIS2_PLACEMENT_3D('',#2052,#2053,#2054);
#2056=PLANE('',#2055);
#2057=FACE_SURFACE('',(#2051),#2056,.T.);
#2058=CARTESIAN_POINT('',(10.000000,23.333333,223.464102));
#2059=CARTESIAN_POINT('',(11.903012,19.047994,211.752355));
#2060=CARTESIAN_POINT('',(11.903012,15.047994,218.680559));
#2061=POLY_LOOP('',(#2058,#2059,#2060));
#2062=FACE_OUTER_BOUND('',#2061,.T.);
#2063=CARTESIAN_POINT('',(11.268674,19.143107,217.965672));
#2064=DIRECTION('',(-0.980785,-0.168953,-0.097545));
#2065=DIRECTION('',(0.098968,0.000000,-0.995091));
#2066=AXIS2_PLACEMENT_3D('',#2063,#2064,#2065);
#2067=PLANE('',#2066);
#2068=FACE_SURFACE('',(#2062),#2067,.T.);
#2069=CARTESIAN_POINT('',(10.000000,23.333333,223.464102));
#2070=CARTESIAN_POINT('',(11.903012,15.047994,218.680559));
#2071=CARTESIAN_POINT('',(35.000000,23.333333,223.464102));
#2072=POLY_LOOP('',(#2069,#2070,#2071));
#2073=FACE_OUTER_BOUND('',#2072,.T.);
#2074=CARTESIAN_POINT('',(18.967671,20.571554,221.869587));
#2075=DIRECTION('',(-0.000000,-0.500000,0.866025));
#2076=DIRECTION('',(-0.000000,0.866025,0.500000));
#2077=AXIS2_PLACEMENT_3D('',#2074,#2075,#2076);
#2078=PLANE('',#2077);
#2079=FACE_SURFACE('',(#2073),#2078,.T.);
#2080=CARTESIAN_POINT('',(11.903012,19.047994,211.752355));
#2081=CARTESIAN_POINT('',(35.000000,27.333333,216.535898));
#2082=CARTESIAN_POINT('',(17.322330,12.024022,207.697064));
#2083=POLY_LOOP('',(#2080,#2081,#2082));
#2084=FACE_OUTER_BOUND('',#2083,.T.);
#2085=CARTESIAN_POINT('',(21.408447,19.468450,211.995106));
#2086=DIRECTION('',(-0.000000,0.500000,-0.866025));
#2087=DIRECTION('',(0.000000,-0.866025,-0.500000));
#2088=AXIS2_PLACEMENT_3D('',#2085,#2086,#2087);
#2089=PLANE('',#2088);
#2090=FACE_SURFACE('',(#2084),#2089,.T.);
#2091=CARTESIAN_POINT('',(11.903012,19.047994,211.752355));
#2092=CARTESIAN_POINT('',(17.322330,12.024022,207.697064));
#2093=CARTESIAN_POINT('',(11.903012,15.047994,218.680559));
#2094=POLY_LOOP('',(#2091,#2092,#2093));
#2095=FACE_OUTER_BOUND('',#2094,.T.);
#2096=CARTESIAN_POINT('',(13.709451,15.373337,212.709993));
#2097=DIRECTION('',(-0.831470,-0.481138,-0.277785));
#2098=DIRECTION('',(0.000000,-0.500000,0.866025));
#2099=AXIS2_PLACEMENT_3D('',#2096,#2097,#2098);
#2100=PLANE('',#2099);
#2101=FACE_SURFACE('',(#2095),#2100,.T.);
#2102=CARTESIAN_POINT('',(11.903012,15.047994,218.680559));
#2103=CARTESIAN_POINT('',(17.322330,12.024022,207.697064));
#2104=CARTESIAN_POINT('',(17.322330,8.024022,214.625267));
#2105=POLY_LOOP('',(#2102,#2103,#2104));
#2106=FACE_OUTER_BOUND('',#2105,.T.);
#2107=CARTESIAN_POINT('',(15.515891,11.698680,213.667630));
#2108=DIRECTION('',(-0.831470,-0.481138,-0.277785));
#2109=DIRECTION('',(0.000000,-0.500000,0.866025));
#2110=AXIS2_PLACEMENT_3D('',#2107,#2108,#2109);
#2111=PLANE('',#2110);
#2112=FACE_SURFACE('',(#2106),#2111,.T.);
#2113=CARTESIAN_POINT('',(11.903012,15.047994,218.680559));
#2114=CARTESIAN_POINT('',(17.322330,8.024022,214.625267));
#2115=CARTESIAN_POINT('',(35.000000,23.333333,223.464102));
#2116=POLY_LOOP('',(#2113,#2114,#2115));
#2117=FACE_OUTER_BOUND('',#2116,.T.);
#2118=CARTESIAN_POINT('',(21.408447,15.468450,218.923309));
#2119=DIRECTION('',(-0.000000,-0.500000,0.866025));
#2120=DIRECTION('',(-0.000000,0.866025,0.500000));
#2121=AXIS2_PLACEMENT_3D('',#2118,#2119,#2120);
#2122=PLANE('',#2121);
#2123=FACE_SURFACE('',(#2117),#2122,.T.);
#2124=CARTESIAN_POINT('',(17.322330,12.024022,207.697064));
#2125=CARTESIAN_POINT('',(35.000000,27.333333,216.535898));
#2126=CARTESIAN_POINT('',(25.432914,7.330755,204.987404));
#2127=POLY_LOOP('',(#2124,#2125,#2126));
#2128=FACE_OUTER_BOUND('',#2127,.T.);
#2129=CARTESIAN_POINT('',(25.918415,15.562703,209.740122));
#2130=DIRECTION('',(0.000000,0.500000,-0.866025));
#2131=DIRECTION('',(0.000000,-0.866025,-0.500000));
#2132=AXIS2_PLACEMENT_3D('',#2129,#2130,#2131);
#2133=PLANE('',#2132);
#2134=FACE_SURFACE('',(#2128),#2133,.T.);
#2135=CARTESIAN_POINT('',(17.322330,12.024022,207.697064));
#2136=CARTESIAN_POINT('',(25.432914,7.330755,204.987404));
#2137=CARTESIAN_POINT('',(17.322330,8.024022,214.625267));
#2138=POLY_LOOP('',(#2135,#2136,#2137));
#2139=FACE_OUTER_BOUND('',#2138,.T.);
#2140=CARTESIAN_POINT('',(20.025858,9.126267,209.103245));
#2141=DIRECTION('',(-0.555570,-0.720074,-0.415735));
#2142=DIRECTION('',(0.000000,-0.500000,0.866025));
#2143=AXIS2_PLACEMENT_3D('',#2140,#2141,#2142);
#2144=PLANE('',#2143);
#2145=FACE_SURFACE('',(#2139),#2144,.T.);
#2146=CARTESIAN_POINT('',(17.322330,8.024022,214.625267));
#2147=CARTESIAN_POINT('',(25.432914,7.330755,204.987404));
#2148=CARTESIAN_POINT('',(25.432914,3.330755,211.915607));
#2149=POLY_LOOP('',(#2146,#2147,#2148));
#2150=FACE_OUTER_BOUND('',#2149,.T.);
#2151=CARTESIAN_POINT('',(22.729386,6.228511,210.509426));
#2152=DIRECTION('',(-0.555570,-0.720074,-0.415735));
#2153=DIRECTION('',(0.000000,-0.500000,0.866025));
#2154=AXIS2_PLACEMENT_3D('',#2151,#2152,#2153);
#2155=PLANE('',#2154);
#2156=FACE_SURFACE('',(#2150),#2155,.T.);
#2157=CARTESIAN_POINT('',(17.322330,8.024022,214.625267));
#2158=CARTESIAN_POINT('',(25.432914,3.330755,211.915607));
#2159=CARTESIAN_POINT('',(35.000000,23.333333,223.464102));
#2160=POLY_LOOP('',(#2157,#2158,#2159));
#2161=FACE_OUTER_BOUND('',#2160,.T.);
#2162=CARTESIAN_POINT('',(25.918415,11.562703,216.668325));
#2163=DIRECTION('',(-0.000000,-0.500000,0.866025));
#2164=DIRECTION('',(-0.000000,0.866025,0.500000));
#2165=AXIS2_PLACEMENT_3D('',#2162,#2163,#2164);
#2166=PLANE('',#2165);
#2167=FACE_SURFACE('',(#2161),#2166,.T.);
#2168=CARTESIAN_POINT('',(25.432914,7.330755,204.987404));
#2169=CARTESIAN_POINT('',(35.000000,27.333333,216.535898));
#2170=CARTESIAN_POINT('',(35.000000,5.682698,204.035898));
#2171=POLY_LOOP('',(#2168,#2169,#2170));
#2172=FACE_OUTER_BOUND('',#2171,.T.);
#2173=CARTESIAN_POINT('',(31.810971,13.448929,208.519734));
#2174=DIRECTION('',(-0.000000,0.500000,-0.866025));
#2175=DIRECTION('',(0.000000,-0.866025,-0.500000));
#2176=AXIS2_PLACEMENT_3D('',#2173,#2174,#2175);
#2177=PLANE('',#2176);
#2178=FACE_SURFACE('',(#2172),#2177,.T.);
#2179=CARTESIAN_POINT('',(25.432914,7.330755,204.987404));
#2180=CARTESIAN_POINT('',(35.000000,5.682698,204.035898));
#2181=CARTESIAN_POINT('',(25.432914,3.330755,211.915607));
#2182=POLY_LOOP('',(#2179,#2180,#2181));
#2183=FACE_OUTER_BOUND('',#2182,.T.);
#2184=CARTESIAN_POINT('',(28.621943,5.448069,206.979637));
#2185=DIRECTION('',(-0.195090,-0.849385,-0.490393));
#2186=DIRECTION('',(0.000000,-0.500000,0.866025));
#2187=AXIS2_PLACEMENT_3D('',#2184,#2185,#2186);
#2188=PLANE('',#2187);
#2189=FACE_SURFACE('',(#2183),#2188,.T.);
#2190=CARTESIAN_POINT('',(25.432914,3.330755,211.915607));
#2191=CARTESIAN_POINT('',(35.000000,5.682698,204.035898));
#2192=CARTESIAN_POINT('',(35.000000,1.682698,210.964102));
#2193=POLY_LOOP('',(#2190,#2191,#2192));
#2194=FACE_OUTER_BOUND('',#2193,.T.);
#2195=CARTESIAN_POINT('',(31.810971,3.565384,208.971869));
#2196=DIRECTION('',(-0.195090,-0.849385,-0.490393));
#2197=DIRECTION('',(0.000000,-0.500000,0.866025));
#2198=AXIS2_PLACEMENT_3D('',#2195,#2196,#2197);
#2199=PLANE('',#2198);
#2200=FACE_SURFACE('',(#2194),#2199,.T.);
#2201=CARTESIAN_POINT('',(25.432914,3.330755,211.915607));
#2202=CARTESIAN_POINT('',(35.000000,1.682698,210.964102));
#2203=CARTESIAN_POINT('',(35.000000,23.333333,223.464102));
#2204=POLY_LOOP('',(#2201,#2202,#2203));
#2205=FACE_OUTER_BOUND('',#2204,.T.);
#2206=CARTESIAN_POINT('',(31.810971,9.448929,215.447937));
#2207=DIRECTION('',(-0.000000,-0.500000,0.866025));
#2208=DIRECTION('',(-0.000000,0.866025,0.500000));
#2209=AXIS2_PLACEMENT_3D('',#2206,#2207,#2208);
#2210=PLANE('',#2209);
#2211=FACE_SURFACE('',(#2205),#2210,.T.);
#2212=CARTESIAN_POINT('',(35.000000,5.682698,204.035898));
#2213=CARTESIAN_POINT('',(35.000000,27.333333,216.535898));
#2214=CARTESIAN_POINT('',(44.567086,7.330755,204.987404));
#2215=POLY_LOOP('',(#2212,#2213,#2214));
#2216=FACE_OUTER_BOUND('',#2215,.T.);
#2217=CARTESIAN_POINT('',(38.189029,13.448929,208.519734));
#2218=DIRECTION('',(0.000000,0.500000,-0.866025));
#2219=DIRECTION('',(0.000000,-0.866025,-0.500000));
#2220=AXIS2_PLACEMENT_3D('',#2217,#2218,#2219);
#2221=PLANE('',#2220);
#2222=FACE_SURFACE('',(#2216),#2221,.T.);
#2223=CARTESIAN_POINT('',(35.000000,5.682698,204.035898));
#2224=CARTESIAN_POINT('',(44.567086,7.330755,204.987404));
#2225=CARTESIAN_POINT('',(35.000000,1.682698,210.964102));
#2226=POLY_LOOP('',(#2223,#2224,#2225));
#2227=FACE_OUTER_BOUND('',#2226,.T.);
#2228=CARTESIAN_POINT('',(38.189029,4.898717,206.662468));
#2229=DIRECTION('',(0.195090,-0.849385,-0.490393));
#2230=DIRECTION('',(0.000000,-0.500000,0.866025));
#2231=AXIS2_PLACEMENT_3D('',#2228,#2229,#2230);
#2232=PLANE('',#2231);
#2233=FACE_SURFACE('',(#2227),#2232,.T.);
#2234=CARTESIAN_POINT('',(35.000000,1.682698,210.964102));
#2235=CARTESIAN_POINT('',(44.567086,7.330755,204.987404));
#2236=CARTESIAN_POINT('',(44.567086,3.330755,211.915607));
#2237=POLY_LOOP('',(#2234,#2235,#2236));
#2238=FACE_OUTER_BOUND('',#2237,.T.);
#2239=CARTESIAN_POINT('',(41.378057,4.114736,209.289038));
#2240=DIRECTION('',(0.195090,-0.849385,-0.490393));
#2241=DIRECTION('',(0.000000,-0.500000,0.866025));
#2242=AXIS2_PLACEMENT_3D('',#2239,#2240,#2241);
#2243=PLANE('',#2242);
#2244=FACE_SURFACE('',(#2238),#2243,.T.);
#2245=CARTESIAN_POINT('',(35.000000,1.682698,210.964102));
#2246=CARTESIAN_POINT('',(44.567086,3.330755,211.915607));
#2247=CARTESIAN_POINT('',(35.000000,23.333333,223.464102));
#2248=POLY_LOOP('',(#2245,#2246,#2247));
#2249=FACE_OUTER_BOUND('',#2248,.T.);
#2250=CARTESIAN_POINT('',(38.189029,9.448929,215.447937));
#2251=DIRECTION('',(0.000000,-0.500000,0.866025));
#2252=DIRECTION('',(-0.000000,0.866025,0.500000));
#2253=AXIS2_PLACEMENT_3D('',#2250,#2251,#2252);
#2254=PLANE('',#2253);
#2255=FACE_SURFACE('',(#2249),#2254,.T.);
#2256=CARTESIAN_POINT('',(44.567086,7.330755,204.987404));
#2257=CARTESIAN_POINT('',(35.000000,27.333333,216.535898));
#2258=CARTESIAN_POINT('',(52.677670,12.024022,207.697064));
#2259=POLY_LOOP('',(#2256,#2257,#2258));
#2260=FACE_OUTER_BOUND('',#2259,.T.);
#2261=CARTESIAN_POINT('',(44.081585,15.562703,209.740122));
#2262=DIRECTION('',(-0.000000,0.500000,-0.866025));
#2263=DIRECTION('',(0.000000,-0.866025,-0.500000));
#2264=AXIS2_PLACEMENT_3D('',#2261,#2262,#2263);
#2265=PLANE('',#2264);
#2266=FACE_SURFACE('',(#2260),#2265,.T.);
#2267=CARTESIAN_POINT('',(44.567086,7.330755,204.987404));
#2268=CARTESIAN_POINT('',(52.677670,12.024022,207.697064));
#2269=CARTESIAN_POINT('',(44.567086,3.330755,211.915607));
#2270=POLY_LOOP('',(#2267,#2268,#2269));
#2271=FACE_OUTER_BOUND('',#2270,.T.);
#2272=CARTESIAN_POINT('',(47.270614,7.561844,208.200025));
#2273=DIRECTION('',(0.555570,-0.720074,-0.415735));
#2274=DIRECTION('',(0.000000,-0.500000,0.866025));
#2275=AXIS2_PLACEMENT_3D('',#2272,#2273,#2274);
#2276=PLANE('',#2275);
#2277=FACE_SURFACE('',(#2271),#2276,.T.);
#2278=CARTESIAN_POINT('',(44.567086,3.330755,211.915607));
#2279=CARTESIAN_POINT('',(52.677670,12.024022,207.697064));
#2280=CARTESIAN_POINT('',(52.677670,8.024022,214.625267));
#2281=POLY_LOOP('',(#2278,#2279,#2280));
#2282=FACE_OUTER_BOUND('',#2281,.T.);
#2283=CARTESIAN_POINT('',(49.974142,7.792933,211.412646));
#2284=DIRECTION('',(0.555570,-0.720074,-0.415735));
#2285=DIRECTION('',(0.000000,-0.500000,0.866025));
#2286=AXIS2_PLACEMENT_3D('',#2283,#2284,#2285);
#2287=PLANE('',#2286);
#2288=FACE_SURFACE('',(#2282),#2287,.T.);
#2289=CARTESIAN_POINT('',(44.567086,3.330755,211.915607));
#2290=CARTESIAN_POINT('',(52.677670,8.024022,214.625267));
#2291=CARTESIAN_POINT('',(35.000000,23.333333,223.464102));
#2292=POLY_LOOP('',(#2289,#2290,#2291));
#2293=FACE_OUTER_BOUND('',#2292,.T.);
#2294=CARTESIAN_POINT('',(44.081585,11.562703,216.668325));
#2295=DIRECTION('',(0.000000,-0.500000,0.866025));
#2296=DIRECTION('',(-0.000000,0.866025,0.500000));
#2297=AXIS2_PLACEMENT_3D('',#2294,#2295,#2296);
#2298=PLANE('',#2297);
#2299=FACE_SURFACE('',(#2293),#2298,.T.);
#2300=CARTESIAN_POINT('',(52.677670,12.024022,207.697064));
#2301=CARTESIAN_POINT('',(35.000000,27.333333,216.535898));
#2302=CARTESIAN_POINT('',(58.096988,19.047994,211.752355));
#2303=POLY_LOOP('',(#2300,#2301,#2302));
#2304=FACE_OUTER_BOUND('',#2303,.T.);
#2305=CARTESIAN_POINT('',(48.591553,19.468450,211.995106));
#2306=DIRECTION('',(-0.000000,0.500000,-0.866025));
#2307=DIRECTION('',(0.000000,-0.866025,-0.500000));
#2308=AXIS2_PLACEMENT_3D('',#2305,#2306,#2307);
#2309=PLANE('',#2308);
#2310=FACE_SURFACE('',(#2304),#2309,.T.);
#2311=CARTESIAN_POINT('',(52.677670,12.024022,207.697064));
#2312=CARTESIAN_POINT('',(58.096988,19.047994,211.752355));
#2313=CARTESIAN_POINT('',(52.677670,8.024022,214.625267));
#2314=POLY_LOOP('',(#2311,#2312,#2313));
#2315=FACE_OUTER_BOUND('',#2314,.T.);
#2316=CARTESIAN_POINT('',(54.484109,13.032013,211.358229));
#2317=DIRECTION('',(0.831470,-0.481138,-0.277785));
#2318=DIRECTION('',(0.000000,-0.500000,0.866025));
#2319=AXIS2_PLACEMENT_3D('',#2316,#2317,#2318);
#2320=PLANE('',#2319);
#2321=FACE_SURFACE('',(#2315),#2320,.T.);
#2322=CARTESIAN_POINT('',(52.677670,8.024022,214.625267));
#2323=CARTESIAN_POINT('',(58.096988,19.047994,211.752355));
#2324=CARTESIAN_POINT('',(58.096988,15.047994,218.680559));
#2325=POLY_LOOP('',(#2322,#2323,#2324));
#2326=FACE_OUTER_BOUND('',#2325,.T.);
#2327=CARTESIAN_POINT('',(56.290549,14.040003,215.019394));
#2328=DIRECTION('',(0.831470,-0.481138,-0.277785));
#2329=DIRECTION('',(0.000000,-0.500000,0.866025));
#2330=AXIS2_PLACEMENT_3D('',#2327,#2328,#2329);
#2331=PLANE('',#2330);
#2332=FACE_SURFACE('',(#2326),#2331,.T.);
#2333=CARTESIAN_POINT('',(52.677670,8.024022,214.625267));
#2334=CARTESIAN_POINT('',(58.096988,15.047994,218.680559));
#2335=CARTESIAN_POINT('',(35.000000,23.333333,223.464102));
#2336=POLY_LOOP('',(#2333,#2334,#2335));
#2337=FACE_OUTER_BOUND('',#2336,.T.);
#2338=CARTESIAN_POINT('',(48.591553,15.468450,218.923309));
#2339=DIRECTION('',(-0.000000,-0.500000,0.866025));
#2340=DIRECTION('',(-0.000000,0.866025,0.500000));
#2341=AXIS2_PLACEMENT_3D('',#2338,#2339,#2340);
#2342=PLANE('',#2341);
#2343=FACE_SURFACE('',(#2337),#2342,.T.);
#2344=CARTESIAN_POINT('',(58.096988,19.047994,211.752355));
#2345=CARTESIAN_POINT('',(35.000000,27.333333,216.535898));
#2346=CARTESIAN_POINT('',(60.000000,27.333333,216.535898));
#2347=POLY_LOOP('',(#2344,#2345,#2346));
#2348=FACE_OUTER_BOUND('',#2347,.T.);
#2349=CARTESIAN_POINT('',(51.032329,24.571554,214.941384));
#2350=DIRECTION('',(0.000000,0.500000,-0.866025));
#2351=DIRECTION('',(0.000000,-0.866025,-0.500000));
#2352=AXIS2_PLACEMENT_3D('',#2349,#2350,#2351);
#2353=PLANE('',#2352);
#2354=FACE_SURFACE('',(#2348),#2353,.T.);
#2355=CARTESIAN_POINT('',(58.096988,19.047994,211.752355));
#2356=CARTESIAN_POINT('',(60.000000,27.333333,216.535898));
#2357=CARTESIAN_POINT('',(58.096988,15.047994,218.680559));
#2358=POLY_LOOP('',(#2355,#2356,#2357));
#2359=FACE_OUTER_BOUND('',#2358,.T.);
#2360=CARTESIAN_POINT('',(58.731326,20.476440,215.656271));
#2361=DIRECTION('',(0.980785,-0.168953,-0.097545));
#2362=DIRECTION('',(0.098968,-0.000000,0.995091));
#2363=AXIS2_PLACEMENT_3D('',#2360,#2361,#2362);
#2364=PLANE('',#2363);
#2365=FACE_SURFACE('',(#2359),#2364,.T.);
#2366=CARTESIAN_POINT('',(58.096988,15.047994,218.680559));
#2367=CARTESIAN_POINT('',(60.000000,27.333333,216.535898));
#2368=CARTESIAN_POINT('',(60.000000,23.333333,223.464102));
#2369=POLY_LOOP('',(#2366,#2367,#2368));
#2370=FACE_OUTER_BOUND('',#2369,.T.);
#2371=CARTESIAN_POINT('',(59.365663,21.904887,219.560186));
#2372=DIRECTION('',(0.980785,-0.168953,-0.097545));
#2373=DIRECTION('',(0.098968,-0.000000,0.995091));
#2374=AXIS2_PLACEMENT_3D('',#2371,#2372,#2373);
#2375=PLANE('',#2374);
#2376=FACE_SURFACE('',(#2370),#2375,.T.);
#2377=CARTESIAN_POINT('',(58.096988,15.047994,218.680559));
#2378=CARTESIAN_POINT('',(60.000000,23.333333,223.464102));
#2379=CARTESIAN_POINT('',(35.000000,23.333333,223.464102));
#2380=POLY_LOOP('',(#2377,#2378,#2379));
#2381=FACE_OUTER_BOUND('',#2380,.T.);
#2382=CARTESIAN_POINT('',(51.032329,20.571554,221.869587));
#2383=DIRECTION('',(0.000000,-0.500000,0.866025));
#2384=DIRECTION('',(-0.000000,0.866025,0.500000));
#2385=AXIS2_PLACEMENT_3D('',#2382,#2383,#2384);
#2386=PLANE('',#2385);
#2387=FACE_SURFACE('',(#2381),#2386,.T.);
#2388=CARTESIAN_POINT('',(88.000000,1.000000,288.000000));
#2389=CARTESIAN_POINT('',(110.000000,21.000000,288.000000));
#2390=CARTESIAN_POINT('',(110.000000,1.000000,288.000000));
#2391=POLY_LOOP('',(#2388,#2389,#2390));
#2392=FACE_OUTER_BOUND('',#2391,.T.);
#2393=CARTESIAN_POINT('',(102.666667,7.666667,288.000000));
#2394=DIRECTION('',(0.000000,0.000000,-1.000000));
#2395=DIRECTION('',(0.000000,-1.000000,0.000000));
#2396=AXIS2_PLACEMENT_3D('',#2393,#2394,#2395);
#2397=PLANE('',#2396);
#2398=FACE_SURFACE('',(#2392),#2397,.T.);
#2399=CARTESIAN_POINT('',(88.000000,1.000000,288.000000));
#2400=CARTESIAN_POINT('',(88.000000,21.000000,288.000000));
#2401=CARTESIAN_POINT('',(110.000000,21.000000,288.000000));
#2402=POLY_LOOP('',(#2399,#2400,#2401));
#2403=FACE_OUTER_BOUND('',#2402,.T.);
#2404=CARTESIAN_POINT('',(95.333333,14.333333,288.000000));
#2405=DIRECTION('',(0.000000,0.000000,-1.000000));
#2406=DIRECTION('',(0.000000,-1.000000,0.000000));
#2407=AXIS2_PLACEMENT_3D('',#2404,#2405,#2406);
#2408=PLANE('',#2407);
#2409=FACE_SURFACE('',(#2403),#2408,.T.);
#2410=CARTESIAN_POINT('',(88.000000,1.000000,300.000000));
#2411=CARTESIAN_POINT('',(110.000000,1.000000,300.000000));
#2412=CARTESIAN_POINT('',(110.000000,21.000000,300.000000));
#2413=POLY_LOOP('',(#2410,#2411,#2412));
#2414=FACE_OUTER_BOUND('',#2413,.T.);
#2415=CARTESIAN_POINT('',(102.666667,7.666667,300.000000));
#2416=DIRECTION('',(0.000000,0.000000,1.000000));
#2417=DIRECTION('',(0.000000,1.000000,0.000000));
#2418=AXIS2_PLACEMENT_3D('',#2415,#2416,#2417);
#2419=PLANE('',#2418);
#2420=FACE_SURFACE('',(#2414),#2419,.T.);
#2421=CARTESIAN_POINT('',(88.000000,1.000000,300.000000));
#2422=CARTESIAN_POINT('',(110.000000,21.000000,300.000000));
#2423=CARTESIAN_POINT('',(88.000000,21.000000,300.000000));
#2424=POLY_LOOP('',(#2421,#2422,#2423));
#2425=FACE_OUTER_BOUND('',#2424,.T.);
#2426=CARTESIAN_POINT('',(95.333333,14.333333,300.000000));
#2427=DIRECTION('',(0.000000,-0.000000,1.000000));
#2428=DIRECTION('',(-0.000000,1.000000,0.000000));
#2429=AXIS2_PLACEMENT_3D('',#2426,#2427,#2428);
#2430=PLANE('',#2429);
#2431=FACE_SURFACE('',(#2425),#2430,.T.);
#2432=CARTESIAN_POINT('',(88.000000,1.000000,288.000000));
#2433=CARTESIAN_POINT('',(110.000000,1.000000,288.000000));
#2434=CARTESIAN_POINT('',(110.000000,1.000000,300.000000));
#2435=POLY_LOOP('',(#2432,#2433,#2434));
#2436=FACE_OUTER_BOUND('',#2435,.T.);
#2437=CARTESIAN_POINT('',(102.666667,1.000000,292.000000));
#2438=DIRECTION('',(0.000000,-1.000000,0.000000));
#2439=DIRECTION('',(-0.000000,0.000000,1.000000));
#2440=AXIS2_PLACEMENT_3D('',#2437,#2438,#2439);
#2441=PLANE('',#2440);
#2442=FACE_SURFACE('',(#2436),#2441,.T.);
#2443=CARTESIAN_POINT('',(88.000000,1.000000,288.000000));
#2444=CARTESIAN_POINT('',(110.000000,1.000000,300.000000));
#2445=CARTESIAN_POINT('',(88.000000,1.000000,300.000000));
#2446=POLY_LOOP('',(#2443,#2444,#2445));
#2447=FACE_OUTER_BOUND('',#2446,.T.);
#2448=CARTESIAN_POINT('',(95.333333,1.000000,296.000000));
#2449=DIRECTION('',(0.000000,-1.000000,0.000000));
#2450=DIRECTION('',(-0.000000,0.000000,1.000000));
#2451=AXIS2_PLACEMENT_3D('',#2448,#2449,#2450);
#2452=PLANE('',#2451);
#2453=FACE_SURFACE('',(#2447),#2452,.T.);
#2454=CARTESIAN_POINT('',(110.000000,21.000000,288.000000));
#2455=CARTESIAN_POINT('',(88.000000,21.000000,288.000000));
#2456=CARTESIAN_POINT('',(88.000000,21.000000,300.000000));
#2457=POLY_LOOP('',(#2454,#2455,#2456));
#2458=FACE_OUTER_BOUND('',#2457,.T.);
#2459=CARTESIAN_POINT('',(95.333333,21.000000,292.000000));
#2460=DIRECTION('',(0.000000,1.000000,-0.000000));
#2461=DIRECTION('',(0.000000,-0.000000,-1.000000));
#2462=AXIS2_PLACEMENT_3D('',#2459,#2460,#2461);
#2463=PLANE('',#2462);
#2464=FACE_SURFACE('',(#2458),#2463,.T.);
#2465=CARTESIAN_POINT('',(110.000000,21.000000,288.000000));
#2466=CARTESIAN_POINT('',(88.000000,21.000000,300.000000));
#2467=CARTESIAN_POINT('',(110.000000,21.000000,300.000000));
#2468=POLY_LOOP('',(#2465,#2466,#2467));
#2469=FACE_OUTER_BOUND('',#2468,.T.);
#2470=CARTESIAN_POINT('',(102.666667,21.000000,296.000000));
#2471=DIRECTION('',(0.000000,1.000000,-0.000000));
#2472=DIRECTION('',(0.000000,-0.000000,-1.000000));
#2473=AXIS2_PLACEMENT_3D('',#2470,#2471,#2472);
#2474=PLANE('',#2473);
#2475=FACE_SURFACE('',(#2469),#2474,.T.);
#2476=CARTESIAN_POINT('',(88.000000,1.000000,288.000000));
#2477=CARTESIAN_POINT('',(88.000000,1.000000,300.000000));
#2478=CARTESIAN_POINT('',(88.000000,21.000000,300.000000));
#2479=POLY_LOOP('',(#2476,#2477,#2478));
#2480=FACE_OUTER_BOUND('',#2479,.T.);
#2481=CARTESIAN_POINT('',(88.000000,7.666667,296.000000));
#2482=DIRECTION('',(-1.000000,0.000000,0.000000));
#2483=DIRECTION('',(0.000000,0.000000,-1.000000));
#2484=AXIS2_PLACEMENT_3D('',#2481,#2482,#2483);
#2485=PLANE('',#2484);
#2486=FACE_SURFACE('',(#2480),#2485,.T.);
#2487=CARTESIAN_POINT('',(88.000000,1.000000,288.000000));
#2488=CARTESIAN_POINT('',(88.000000,21.000000,300.000000));
#2489=CARTESIAN_POINT('',(88.000000,21.000000,288.000000));
#2490=POLY_LOOP('',(#2487,#2488,#2489));
#2491=FACE_OUTER_BOUND('',#2490,.T.);
#2492=CARTESIAN_POINT('',(88.000000,14.333333,292.000000));
#2493=DIRECTION('',(-1.000000,0.000000,0.000000));
#2494=DIRECTION('',(0.000000,0.000000,-1.000000));
#2495=AXIS2_PLACEMENT_3D('',#2492,#2493,#2494);
#2496=PLANE('',#2495);
#2497=FACE_SURFACE('',(#2491),#2496,.T.);
#2498=CARTESIAN_POINT('',(110.000000,1.000000,288.000000));
#2499=CARTESIAN_POINT('',(110.000000,21.000000,288.000000));
#2500=CARTESIAN_POINT('',(110.000000,21.000000,300.000000));
#2501=POLY_LOOP('',(#2498,#2499,#2500));
#2502=FACE_OUTER_BOUND('',#2501,.T.);
#2503=CARTESIAN_POINT('',(110.000000,14.333333,292.000000));
#2504=DIRECTION('',(1.000000,0.000000,0.000000));
#2505=DIRECTION('',(0.000000,0.000000,1.000000));
#2506=AXIS2_PLACEMENT_3D('',#2503,#2504,#2505);
#2507=PLANE('',#2506);
#2508=FACE_SURFACE('',(#2502),#2507,.T.);
#2509=CARTESIAN_POINT('',(110.000000,1.000000,288.000000));
#2510=CARTESIAN_POINT('',(110.000000,21.000000,300.000000));
#2511=CARTESIAN_POINT('',(110.000000,1.000000,300.000000));
#2512=POLY_LOOP('',(#2509,#2510,#2511));
#2513=FACE_OUTER_BOUND('',#2512,.T.);
#2514=CARTESIAN_POINT('',(110.000000,7.666667,296.000000));
#2515=DIRECTION('',(1.000000,0.000000,-0.000000));
#2516=DIRECTION('',(0.000000,-0.000000,1.000000));
#2517=AXIS2_PLACEMENT_3D('',#2514,#2515,#2516);
#2518=PLANE('',#2517);
#2519=FACE_SURFACE('',(#2513),#2518,.T.);
#2520=CARTESIAN_POINT('',(56.000000,1.000000,297.000000));
#2521=CARTESIAN_POINT('',(84.000000,21.000000,297.000000));
#2522=CARTESIAN_POINT('',(84.000000,1.000000,297.000000));
#2523=POLY_LOOP('',(#2520,#2521,#2522));
#2524=FACE_OUTER_BOUND('',#2523,.T.);
#2525=CARTESIAN_POINT('',(74.666667,7.666667,297.000000));
#2526=DIRECTION('',(0.000000,0.000000,-1.000000));
#2527=DIRECTION('',(0.000000,-1.000000,0.000000));
#2528=AXIS2_PLACEMENT_3D('',#2525,#2526,#2527);
#2529=PLANE('',#2528);
#2530=FACE_SURFACE('',(#2524),#2529,.T.);
#2531=CARTESIAN_POINT('',(56.000000,1.000000,297.000000));
#2532=CARTESIAN_POINT('',(56.000000,21.000000,297.000000));
#2533=CARTESIAN_POINT('',(84.000000,21.000000,297.000000));
#2534=POLY_LOOP('',(#2531,#2532,#2533));
#2535=FACE_OUTER_BOUND('',#2534,.T.);
#2536=CARTESIAN_POINT('',(65.333333,14.333333,297.000000));
#2537=DIRECTION('',(0.000000,0.000000,-1.000000));
#2538=DIRECTION('',(0.000000,-1.000000,0.000000));
#2539=AXIS2_PLACEMENT_3D('',#2536,#2537,#2538);
#2540=PLANE('',#2539);
#2541=FACE_SURFACE('',(#2535),#2540,.T.);
#2542=CARTESIAN_POINT('',(56.000000,1.000000,300.000000));
#2543=CARTESIAN_POINT('',(84.000000,1.000000,300.000000));
#2544=CARTESIAN_POINT('',(84.000000,21.000000,300.000000));
#2545=POLY_LOOP('',(#2542,#2543,#2544));
#2546=FACE_OUTER_BOUND('',#2545,.T.);
#2547=CARTESIAN_POINT('',(74.666667,7.666667,300.000000));
#2548=DIRECTION('',(0.000000,0.000000,1.000000));
#2549=DIRECTION('',(0.000000,1.000000,0.000000));
#2550=AXIS2_PLACEMENT_3D('',#2547,#2548,#2549);
#2551=PLANE('',#2550);
#2552=FACE_SURFACE('',(#2546),#2551,.T.);
#2553=CARTESIAN_POINT('',(56.000000,1.000000,300.000000));
#2554=CARTESIAN_POINT('',(84.000000,21.000000,300.000000));
#2555=CARTESIAN_POINT('',(56.000000,21.000000,300.000000));
#2556=POLY_LOOP('',(#2553,#2554,#2555));
#2557=FACE_OUTER_BOUND('',#2556,.T.);
#2558=CARTESIAN_POINT('',(65.333333,14.333333,300.000000));
#2559=DIRECTION('',(0.000000,-0.000000,1.000000));
#2560=DIRECTION('',(-0.000000,1.000000,0.000000));
#2561=AXIS2_PLACEMENT_3D('',#2558,#2559,#2560);
#2562=PLANE('',#2561);
#2563=FACE_SURFACE('',(#2557),#2562,.T.);
#2564=CARTESIAN_POINT('',(56.000000,1.000000,297.000000));
#2565=CARTESIAN_POINT('',(84.000000,1.000000,297.000000));
#2566=CARTESIAN_POINT('',(84.000000,1.000000,300.000000));
#2567=POLY_LOOP('',(#2564,#2565,#2566));
#2568=FACE_OUTER_BOUND('',#2567,.T.);
#2569=CARTESIAN_POINT('',(74.666667,1.000000,298.000000));
#2570=DIRECTION('',(0.000000,-1.000000,0.000000));
#2571=DIRECTION('',(-0.000000,0.000000,1.000000));
#2572=AXIS2_PLACEMENT_3D('',#2569,#2570,#2571);
#2573=PLANE('',#2572);
#2574=FACE_SURFACE('',(#2568),#2573,.T.);
#2575=CARTESIAN_POINT('',(56.000000,1.000000,297.000000));
#2576=CARTESIAN_POINT('',(84.000000,1.000000,300.000000));
#2577=CARTESIAN_POINT('',(56.000000,1.000000,300.000000));
#2578=POLY_LOOP('',(#2575,#2576,#2577));
#2579=FACE_OUTER_BOUND('',#2578,.T.);
#2580=CARTESIAN_POINT('',(65.333333,1.000000,299.000000));
#2581=DIRECTION('',(0.000000,-1.000000,0.000000));
#2582=DIRECTION('',(-0.000000,0.000000,1.000000));
#2583=AXIS2_PLACEMENT_3D('',#2580,#2581,#2582);
#2584=PLANE('',#2583);
#2585=FACE_SURFACE('',(#2579),#2584,.T.);
#2586=CARTESIAN_POINT('',(84.000000,21.000000,297.000000));
#2587=CARTESIAN_POINT('',(56.000000,21.000000,297.000000));
#2588=CARTESIAN_POINT('',(56.000000,21.000000,300.000000));
#2589=POLY_LOOP('',(#2586,#2587,#2588));
#2590=FACE_OUTER_BOUND('',#2589,.T.);
#2591=CARTESIAN_POINT('',(65.333333,21.000000,298.000000));
#2592=DIRECTION('',(0.000000,1.000000,-0.000000));
#2593=DIRECTION('',(0.000000,-0.000000,-1.000000));
#2594=AXIS2_PLACEMENT_3D('',#2591,#2592,#2593);
#2595=PLANE('',#2594);
#2596=FACE_SURFACE('',(#2590),#2595,.T.);
#2597=CARTESIAN_POINT('',(84.000000,21.000000,297.000000));
#2598=CARTESIAN_POINT('',(56.000000,21.000000,300.000000));
#2599=CARTESIAN_POINT('',(84.000000,21.000000,300.000000));
#2600=POLY_LOOP('',(#2597,#2598,#2599));
#2601=FACE_OUTER_BOUND('',#2600,.T.);
#2602=CARTESIAN_POINT('',(74.666667,21.000000,299.000000));
#2603=DIRECTION('',(0.000000,1.000000,-0.000000));
#2604=DIRECTION('',(0.000000,-0.000000,-1.000000));
#2605=AXIS2_PLACEMENT_3D('',#2602,#2603,#2604);
#2606=PLANE('',#2605);
#2607=FACE_SURFACE('',(#2601),#2606,.T.);
#2608=CARTESIAN_POINT('',(56.000000,1.000000,297.000000));
#2609=CARTESIAN_POINT('',(56.000000,1.000000,300.000000));
#2610=CARTESIAN_POINT('',(56.000000,21.000000,300.000000));
#2611=POLY_LOOP('',(#2608,#2609,#2610));
#2612=FACE_OUTER_BOUND('',#2611,.T.);
#2613=CARTESIAN_POINT('',(56.000000,7.666667,299.000000));
#2614=DIRECTION('',(-1.000000,0.000000,0.000000));
#2615=DIRECTION('',(0.000000,0.000000,-1.000000));
#2616=AXIS2_PLACEMENT_3D('',#2613,#2614,#2615);
#2617=PLANE('',#2616);
#2618=FACE_SURFACE('',(#2612),#2617,.T.);
#2619=CARTESIAN_POINT('',(56.000000,1.000000,297.000000));
#2620=CARTESIAN_POINT('',(56.000000,21.000000,300.000000));
#2621=CARTESIAN_POINT('',(56.000000,21.000000,297.000000));
#2622=POLY_LOOP('',(#2619,#2620,#2621));
#2623=FACE_OUTER_BOUND('',#2622,.T.);
#2624=CARTESIAN_POINT('',(56.000000,14.333333,298.000000));
#2625=DIRECTION('',(-1.000000,0.000000,0.000000));
#2626=DIRECTION('',(0.000000,0.000000,-1.000000));
#2627=AXIS2_PLACEMENT_3D('',#2624,#2625,#2626);
#2628=PLANE('',#2627);
#2629=FACE_SURFACE('',(#2623),#2628,.T.);
#2630=CARTESIAN_POINT('',(84.000000,1.000000,297.000000));
#2631=CARTESIAN_POINT('',(84.000000,21.000000,297.000000));
#2632=CARTESIAN_POINT('',(84.000000,21.000000,300.000000));
#2633=POLY_LOOP('',(#2630,#2631,#2632));
#2634=FACE_OUTER_BOUND('',#2633,.T.);
#2635=CARTESIAN_POINT('',(84.000000,14.333333,298.000000));
#2636=DIRECTION('',(1.000000,0.000000,0.000000));
#2637=DIRECTION('',(0.000000,0.000000,1.000000));
#2638=AXIS2_PLACEMENT_3D('',#2635,#2636,#2637);
#2639=PLANE('',#2638);
#2640=FACE_SURFACE('',(#2634),#2639,.T.);
#2641=CARTESIAN_POINT('',(84.000000,1.000000,297.000000));
#2642=CARTESIAN_POINT('',(84.000000,21.000000,300.000000));
#2643=CARTESIAN_POINT('',(84.000000,1.000000,300.000000));
#2644=POLY_LOOP('',(#2641,#2642,#2643));
#2645=FACE_OUTER_BOUND('',#2644,.T.);
#2646=CARTESIAN_POINT('',(84.000000,7.666667,299.000000));
#2647=DIRECTION('',(1.000000,0.000000,-0.000000));
#2648=DIRECTION('',(0.000000,-0.000000,1.000000));
#2649=AXIS2_PLACEMENT_3D('',#2646,#2647,#2648);
#2650=PLANE('',#2649);
#2651=FACE_SURFACE('',(#2645),#2650,.T.);
#2652=CLOSED_SHELL('',(#22,#33,#44,#55,#66,#77,#88,#99,#110,#121,#132,#143,#154,#165,#176,#187,#198,#209,#220,#231,#242,#253,#264,#275,#286,#297,#308,#319,#330,#341,#352,#363,#374,#385,#396,#407,#418,#429,#440,#451,#462,#473,#484,#495,#506,#517,#528,#539,#550,#561,#572,#583,#594,#605,#616,#627,#638,#649,#660,#671,#682,#693,#704,#715,#726,#737,#748,#759,#770,#781,#792,#803,#814,#825,#836,#847,#858,#869,#880,#891,#902,#913,#924,#935,#946,#957,#968,#979,#990,#1001,#1012,#1023,#1034,#1045,#1056,#1067,#1078,#1089,#1100,#1111,#1122,#1133,#1144,#1155,#1166,#1177,#1188,#1199,#1210,#1221,#1232,#1243,#1254,#1265,#1276,#1287,#1298,#1309,#1320,#1331,#1342,#1353,#1364,#1375,#1386,#1397,#1408,#1419,#1430,#1441,#1452,#1463,#1474,#1485,#1496,#1507,#1518,#1529,#1540,#1551,#1562,#1573,#1584,#1595,#1606,#1617,#1628,#1639,#1650,#1661,#1672,#1683,#1694,#1705,#1716,#1727,#1738,#1749,#1760,#1771,#1782,#1793,#1804,#1815,#1826,#1837,#1848,#1859,#1870,#1881,#1892,#1903,#1914,#1925,#1936,#1947,#1958,#1969,#1980,#1991,#2002,#2013,#2024,#2035,#2046,#2057,#2068,#2079,#2090,#2101,#2112,#2123,#2134,#2145,#2156,#2167,#2178,#2189,#2200,#2211,#2222,#2233,#2244,#2255,#2266,#2277,#2288,#2299,#2310,#2321,#2332,#2343,#2354,#2365,#2376,#2387,#2398,#2409,#2420,#2431,#2442,#2453,#2464,#2475,#2486,#2497,#2508,#2519,#2530,#2541,#2552,#2563,#2574,#2585,#2596,#2607,#2618,#2629,#2640,#2651));
#2653=FACETED_BREP('',#2652);
#2654=FACETED_BREP_SHAPE_REPRESENTATION('Quad-Dock Full Assembly',(#2653),#11);
#2655=SHAPE_DEFINITION_REPRESENTATION(#6,#2654);
ENDSEC;
END-ISO-10303-21;
